articulo,cantidad
10009001,0
10009002,0
10010011,223
10010012,573
10010013,395
10010031,341
10010032,544
10010033,316
10010041,318
10010042,781
10010043,450
10010051,0
10010052,0
10010053,0
10010061,0
10010062,0
10010063,0
10010071,0
10010072,0
10010073,0
10010261,204
10010262,461
10010263,232
10010281,0
10010282,0
10010283,0
10010291,348
10010292,728
10010293,582
10010621,364
10010622,624
10010623,344
10011011,0
10011012,0
10011013,0
10011031,0
10011032,0
10011033,0
10011041,0
10011042,0
10011043,0
10011051,0
10011052,0
10011053,0
10011081,0
10011082,0
10011083,0
10011091,0
10011092,0
10011093,0
10011101,0
10011102,0
10011103,0
10011201,0
10011202,0
10011203,0
10011211,0
10011212,0
10011213,1
10011221,0
10011222,0
10011223,0
10011261,0
10011262,0
10011263,0
10011271,0
10011272,0
10011273,0
10011431,0
10011432,0
10011433,0
10012011,162
10012012,7
10012013,25
10012021,308
10012022,10
10012023,153
10012031,93
10012032,209
10012033,235
10012051,2
10012052,0
10012053,0
10012101,184
10012102,0
10012103,0
10012121,0
10012122,0
10012123,0
10012221,113
10012222,0
10012223,1
10012281,2
10012282,0
10012283,0
10012431,43
10012432,45
10012433,8
10013011,129
10013012,93
10013013,73
10013014,41
10013015,45
10013031,298
10013032,512
10013033,1190
10013034,1758
10013035,745
10013041,196
10013042,366
10013043,83
10013044,425
10013045,345
10013081,0
10013082,0
10013083,0
10013084,0
10013085,0
10013091,182
10013092,159
10013093,158
10013094,246
10013095,107
10013131,0
10013132,0
10013133,0
10013134,0
10013135,0
10013181,6
10013182,0
10013183,0
10013184,0
10013185,0
10013621,137
10013622,25
10013623,282
10013624,512
10013625,818
10014013,0
10014014,0
10014015,0
10014016,0
10014017,0
10014018,0
10015011,0
10015012,0
10015013,0
10015031,0
10015032,0
10015033,0
10015051,0
10015052,0
10015053,0
10015061,0
10015062,0
10015063,0
10015111,0
10015112,0
10015113,0
10015131,0
10015132,0
10015133,0
10015151,0
10015152,0
10015153,0
10015281,0
10015282,0
10015283,0
10016011,0
10016012,0
10016013,0
10016031,0
10016032,0
10016033,0
10016051,0
10016052,0
10016053,0
10016061,0
10016062,0
10016063,0
10016101,0
10016102,0
10016103,0
10017011,0
10017012,0
10017013,0
10017031,0
10017032,0
10017033,0
10017051,0
10017052,0
10017053,0
10017061,0
10017062,0
10017063,0
10017111,0
10017112,0
10017113,0
10017131,0
10017132,0
10017133,0
10017151,0
10017152,0
10017153,0
10017281,0
10017282,0
10017283,0
10017321,0
10017322,0
10017323,0
10017791,0
10017792,0
10017793,0
10018011,0
10018012,0
10018013,0
10018031,0
10018032,0
10018033,0
10018051,0
10018052,0
10018053,0
10018101,0
10018102,0
10018103,0
10018121,0
10018122,0
10018123,0
10018221,0
10018222,0
10018223,0
10018281,0
10018282,0
10018283,0
10019013,0
10019014,0
10019015,0
10019016,0
10019033,0
10019034,0
10019035,0
10019036,0
10019053,0
10019054,0
10019055,0
10019056,0
10019063,0
10019064,0
10019065,0
10019066,0
10019073,0
10019074,0
10019075,0
10019076,0
10021012,0
10021013,0
10021014,0
10021015,0
10021016,0
10021017,0
10021018,0
10021062,0
10021063,0
10021064,0
10021065,0
10021066,0
10021067,0
10021068,0
10021132,0
10021133,0
10021134,0
10021135,0
10021136,0
10021137,0
10021138,0
10021252,0
10021253,0
10021254,0
10021255,0
10021256,0
10021257,0
10021258,0
10021322,0
10021323,0
10021324,0
10021325,0
10021326,0
10021327,0
10021328,0
10021352,0
10021353,0
10021354,0
10021355,0
10021356,0
10021357,0
10021358,0
10022011,0
10022012,0
10022013,0
10022031,0
10022032,0
10022033,0
10022041,0
10022042,0
10022043,0
10022081,0
10022082,0
10022083,0
10022091,0
10022092,0
10022093,0
10022101,0
10022102,0
10022103,0
10023011,0
10023012,0
10023013,0
10023031,0
10023032,0
10023033,0
10023051,0
10023052,0
10023053,0
10023061,0
10023062,0
10023063,0
10023131,0
10023132,0
10023133,0
10024013,0
10024014,0
10024015,0
10024016,0
10024033,0
10024034,0
10024035,0
10024036,0
10024053,0
10024054,0
10024055,0
10024056,0
10024063,0
10024064,0
10024065,0
10024066,0
10025013,0
10025014,0
10025015,0
10025016,0
10025023,0
10025024,0
10025025,0
10025026,0
10025033,0
10025034,0
10025035,0
10025036,0
10025043,0
10025044,0
10025045,0
10025046,0
10025053,0
10025054,0
10025055,0
10025056,0
10025063,0
10025064,0
10025065,0
10025066,0
10025093,0
10025094,0
10025095,0
10025096,0
10025133,0
10025134,0
10025135,0
10025136,0
10025223,0
10025224,0
10025225,0
10025226,0
10026011,1134
10026012,2165
10026013,773
10026021,919
10026022,1740
10026023,819
10026031,1028
10026032,1761
10026033,804
10026051,1
10026052,0
10026053,0
10026061,0
10026062,0
10026063,0
10026071,486
10026072,739
10026073,549
10026091,0
10026092,0
10026093,0
10026101,455
10026102,195
10026103,120
10026131,0
10026132,0
10026133,0
10026161,0
10026162,0
10026163,0
10026221,388
10026222,453
10026223,256
10026261,455
10026262,434
10026263,348
10026281,81
10026282,9
10026283,6
10026331,0
10026332,0
10026333,0
10026551,269
10026552,404
10026553,135
10026621,555
10026622,1081
10026623,595
10026801,229
10026802,308
10026803,37
10027011,0
10027012,0
10027013,0
10027014,0
10027021,0
10027022,0
10027023,0
10027024,0
10027031,0
10027032,0
10027033,0
10027034,0
10027051,0
10027052,0
10027053,0
10027054,0
10027091,0
10027092,0
10027093,0
10027094,0
10027101,0
10027102,0
10027103,0
10027104,0
10027281,0
10027282,0
10027283,0
10027284,0
10028011,0
10028012,0
10028013,0
10028031,0
10028032,0
10028033,0
10028101,0
10028102,0
10028103,0
10028121,0
10028122,0
10028123,0
10028221,0
10028222,0
10028223,0
10029011,105
10029012,833
10029013,152
10029014,285
10029021,81
10029022,396
10029023,257
10029024,157
10029031,75
10029032,362
10029033,202
10029034,78
10029091,73
10029092,169
10029093,147
10029094,78
10030012,0
10030013,0
10030014,0
10031013,0
10031014,0
10031015,0
10031016,0
10031033,0
10031034,0
10031035,0
10031036,0
10031263,0
10031264,0
10031265,0
10031266,0
10031303,0
10031304,0
10031305,0
10031306,0
10031333,0
10031334,0
10031335,0
10031336,0
10032011,0
10032012,0
10032013,0
10032031,0
10032032,0
10032033,0
10032261,0
10032262,0
10032263,0
10032301,0
10032302,0
10032303,0
10032331,0
10032332,0
10032333,0
10033011,3
10033012,0
10033013,0
10033031,2
10033032,0
10033033,0
10033101,0
10033102,0
10033103,0
10033121,0
10033122,0
10033123,0
10033221,42
10033222,0
10033223,0
10033261,1
10033262,0
10033263,0
10033301,6
10033302,0
10033303,0
10033331,14
10033332,0
10033333,0
10035013,0
10035014,0
10035015,0
10035016,0
10035033,0
10035034,0
10035035,0
10035036,0
10035223,0
10035224,0
10035225,0
10035226,0
10035263,0
10035264,0
10035265,0
10035266,0
10035333,0
10035334,0
10035335,0
10035336,0
10036015,0
10036016,0
10036017,0
10036018,0
10037013,0
10037014,0
10037015,0
10037033,0
10037034,0
10037035,0
10037043,0
10037044,0
10037045,0
10037083,0
10037084,0
10037085,0
10037093,0
10037094,0
10037095,0
10037103,0
10037104,0
10037105,0
10039011,158
10039012,317
10039013,138
10039014,221
10039015,210
10039091,118
10039092,353
10039093,45
10039094,134
10039095,180
10039131,12
10039132,17
10039133,0
10039134,0
10039135,0
10039331,16
10039332,5
10039333,1
10039334,0
10039335,0
10039621,88
10039622,213
10039623,427
10039624,271
10039625,321
10040011,176
10040012,174
10040013,409
10040014,0
10040031,265
10040032,403
10040033,311
10040034,0
10040051,0
10040052,0
10040053,0
10040054,0
10040061,0
10040062,0
10040063,0
10040064,0
10040071,67
10040072,332
10040073,244
10040074,0
10040101,97
10040102,350
10040103,335
10040104,0
10040121,0
10040122,0
10040123,0
10040124,0
10040131,0
10040132,0
10040133,0
10040134,0
10040221,395
10040222,431
10040223,26
10040224,0
10040261,181
10040262,19
10040263,43
10040264,0
10040281,501
10040282,291
10040283,273
10040284,0
10040331,0
10040332,0
10040333,0
10040334,227
10040551,541
10040552,804
10040553,461
10040621,378
10040622,31
10040623,677
10040801,314
10040802,745
10040803,586
10041011,780
10041012,476
10041013,552
10041014,273
10041021,213
10041022,181
10041023,295
10041024,62
10041031,187
10041032,567
10041033,68
10041034,61
10041051,0
10041052,0
10041053,0
10041054,52
10041091,148
10041092,300
10041093,15
10041094,65
10041101,283
10041102,320
10041103,246
10041104,252
10041281,131
10041282,174
10041283,17
10041284,82
10041541,0
10041542,0
10041543,0
10041544,0
10041801,246
10041802,190
10041803,249
10041804,116
10042013,0
10042014,0
10042015,0
10042016,0
10042017,0
10042018,0
10042053,0
10042054,0
10042055,0
10042056,0
10042057,0
10042058,0
10042063,0
10042064,0
10042065,0
10042066,0
10042067,0
10042068,0
10042093,0
10042094,0
10042095,0
10042096,0
10042097,0
10042098,0
10042123,0
10042124,0
10042125,0
10042126,0
10042127,0
10042128,0
10042193,0
10042194,0
10042195,0
10042196,0
10042197,0
10042198,0
10042253,0
10042254,0
10042255,0
10042256,0
10042257,0
10042258,0
10042283,0
10042284,0
10042285,0
10042286,0
10042287,0
10042288,0
10043011,0
10043012,0
10043013,0
10043031,0
10043032,0
10043033,0
10043201,0
10043202,0
10043203,0
10043211,0
10043212,0
10043213,0
10043221,0
10043222,0
10043223,0
10044014,7
10044015,47
10044016,65
10044017,69
10044024,42
10044025,48
10044026,55
10044027,107
10044034,24
10044035,3
10044036,1
10044037,38
10045011,82
10045012,1
10045013,0
10045031,73
10045032,1
10045033,0
10045051,0
10045052,0
10045053,0
10045061,98
10045062,2
10045063,65
10045071,0
10045072,0
10045073,0
10045131,0
10045132,0
10045133,0
10045211,28
10045212,25
10045213,0
10045551,26
10045552,0
10045553,0
10045801,67
10045802,20
10045803,0
10046014,0
10046015,0
10046016,0
10046017,0
10046018,0
10046054,0
10046055,0
10046056,0
10046057,0
10046058,0
10046064,0
10046065,0
10046066,0
10046067,0
10046068,0
10046244,0
10046245,0
10046246,0
10046247,0
10046248,0
10047011,0
10047012,0
10047013,0
10047031,5
10047032,0
10047033,0
10047051,0
10047052,0
10047053,0
10047061,0
10047062,0
10047063,0
10047131,0
10047132,0
10047133,0
10047211,6
10047212,0
10047213,0
10047221,0
10047222,0
10047223,0
10047431,0
10047432,0
10047433,0
10047601,0
10047602,2
10047603,4
10048012,0
10048013,0
10048014,0
10049012,0
10049013,0
10049014,0
10049015,0
10049016,0
10049017,0
10050014,0
10050015,0
10050016,0
10050017,0
10050018,0
10050054,0
10050055,0
10050056,0
10050057,0
10050058,0
10050064,0
10050065,0
10050066,0
10050067,0
10050068,0
10050244,0
10050245,0
10050246,0
10050247,0
10050248,0
10051011,407
10051012,530
10051013,374
10051031,474
10051032,854
10051033,377
10051051,0
10051052,0
10051053,0
10051061,0
10051062,0
10051063,0
10051131,0
10051132,0
10051133,0
10051201,0
10051202,0
10051203,0
10051221,6
10051222,17
10051223,1
10051431,270
10051432,471
10051433,167
10051561,312
10051562,515
10051563,275
10051641,146
10051642,266
10051643,212
10051661,203
10051662,410
10051663,222
10052013,0
10052014,0
10052015,0
10052016,0
10052033,0
10052034,0
10052035,0
10052036,0
10052053,0
10052054,0
10052055,0
10052056,0
10052063,0
10052064,0
10052065,0
10052066,0
10052133,41
10052134,17
10052135,21
10052136,0
10052203,42
10052204,96
10052205,0
10052206,53
10052223,30
10052224,0
10052225,0
10052226,0
10053012,0
10053013,0
10053014,0
10053015,0
10053016,0
10053017,0
10053018,0
10053052,0
10053053,0
10053054,0
10053055,0
10053056,0
10053057,0
10053058,0
10053062,0
10053063,0
10053064,0
10053065,0
10053066,0
10053067,0
10053068,0
10053132,0
10053133,0
10053134,0
10053135,0
10053136,0
10053137,0
10053138,0
10053192,0
10053193,0
10053194,0
10053195,0
10053196,0
10053197,0
10053198,0
10053252,0
10053253,0
10053254,0
10053255,0
10053256,0
10053257,0
10053258,0
10054013,84
10054014,75
10054015,83
10054016,64
10054033,84
10054034,76
10054035,146
10054036,109
10054053,0
10054054,0
10054055,0
10054056,0
10054063,0
10054064,0
10054065,0
10054066,0
10054073,0
10054074,0
10054075,0
10054076,0
10054133,0
10054134,0
10054135,0
10054136,0
10054213,0
10054214,0
10054215,0
10054216,0
10054223,0
10054224,0
10054225,0
10054226,0
10054263,0
10054264,0
10054265,0
10054266,0
10054333,0
10054334,0
10054335,0
10054336,0
10054553,71
10054554,91
10054555,101
10054556,100
10054623,94
10054624,111
10054625,88
10054626,77
10054803,81
10054804,132
10054805,162
10054806,115
10055011,0
10055012,0
10055013,0
10055014,0
10055015,0
10055016,0
10055031,0
10055032,0
10055033,0
10055034,0
10055035,0
10055036,0
10055051,0
10055052,0
10055053,0
10055054,0
10055055,0
10055056,0
10055061,0
10055062,0
10055063,0
10055064,0
10055065,0
10055066,0
10055131,0
10055132,0
10055133,0
10055134,0
10055135,0
10055136,0
10055221,0
10055222,0
10055223,0
10055224,0
10055225,0
10055226,0
10055231,0
10055232,0
10055233,0
10055234,0
10055235,0
10055236,0
10055261,0
10055262,0
10055263,0
10055264,0
10055265,0
10055266,0
10056013,114
10056014,100
10056015,100
10056016,115
10056033,179
10056034,115
10056035,82
10056036,132
10056053,0
10056054,0
10056055,0
10056056,0
10056063,0
10056064,0
10056065,0
10056066,0
10056073,0
10056074,0
10056075,0
10056076,0
10056133,0
10056134,0
10056135,0
10056136,0
10056213,0
10056214,0
10056215,0
10056216,0
10056223,0
10056224,0
10056225,0
10056226,0
10056263,0
10056264,0
10056265,0
10056266,0
10056333,36
10056334,0
10056335,0
10056336,0
10056553,61
10056554,79
10056555,81
10056556,91
10056623,125
10056624,104
10056625,132
10056626,115
10056803,94
10056804,148
10056805,118
10056806,117
10057011,0
10057012,0
10057013,14
10057031,62
10057032,41
10057033,1
10057051,0
10057052,0
10057053,0
10057091,0
10057092,3
10057093,0
10057131,0
10057132,0
10057133,0
10057221,7
10057222,0
10057223,153
10057261,73
10057262,124
10057263,47
10058012,0
10058013,3
10058014,0
10058015,3
10058016,0
10058032,0
10058033,11
10058034,0
10058035,1
10058036,1
10058052,0
10058053,34
10058054,7
10058055,4
10058056,20
10058092,0
10058093,48
10058094,1
10058095,10
10058096,39
10058132,0
10058133,1
10058134,0
10058135,2
10058136,0
10058222,0
10058223,1
10058224,0
10058225,0
10058226,0
10058262,0
10058263,50
10058264,41
10058265,36
10058266,52
10059014,0
10059015,0
10059016,0
10059017,0
10059054,0
10059055,0
10059056,0
10059057,0
10059104,0
10059105,0
10059106,0
10059107,0
10059134,0
10059135,0
10059136,0
10059137,0
10059164,0
10059165,0
10059166,0
10059167,0
10060011,223
10060012,629
10060013,613
10060014,187
10060021,199
10060022,311
10060023,384
10060024,65
10060031,369
10060032,883
10060033,728
10060034,215
10060291,106
10060292,442
10060293,233
10060294,143
10061011,37
10061012,65
10061013,104
10061031,140
10061032,245
10061033,114
10061051,4
10061052,0
10061053,1
10061071,27
10061072,24
10061073,30
10061131,0
10061132,0
10061133,0
10061221,1
10061222,0
10061223,0
10061231,16
10061232,27
10061233,36
10061261,2
10061262,20
10061263,40
10061281,0
10061282,0
10061283,0
10062013,86
10062014,157
10062015,132
10062016,145
10062033,176
10062034,193
10062035,133
10062036,196
10062213,0
10062214,0
10062215,0
10062216,0
10062223,0
10062224,0
10062225,0
10062226,0
10062263,2
10062264,0
10062265,0
10062266,0
10062303,0
10062304,0
10062305,0
10062306,0
10062333,0
10062334,0
10062335,0
10062336,0
10062603,1
10062604,0
10062605,0
10062606,0
10062623,188
10062624,214
10062625,162
10062626,131
10062803,71
10062804,88
10062805,74
10062806,109
10063011,0
10063012,0
10063013,0
10063031,0
10063032,0
10063033,0
10063101,0
10063102,0
10063103,0
10063121,0
10063122,0
10063123,0
10063221,0
10063222,0
10063223,0
10063261,0
10063262,0
10063263,0
10064011,331
10064012,742
10064013,396
10064031,210
10064032,285
10064033,144
10064101,339
10064102,618
10064103,331
10064121,0
10064122,0
10064123,0
10064221,193
10064222,132
10064223,139
10064261,184
10064262,97
10064263,99
10064281,258
10064282,303
10064283,143
10064301,0
10064302,0
10064303,0
10064331,0
10064332,0
10064333,0
10064621,115
10064622,357
10064623,136
10064801,233
10064802,600
10064803,336
10065011,76
10065012,5
10065013,0
10065031,0
10065032,0
10065033,0
10065101,12
10065102,5
10065103,0
10065121,0
10065122,0
10065123,0
10065221,0
10065222,2
10065223,0
10065301,0
10065302,0
10065303,0
10065431,0
10065432,0
10065433,0
10066011,0
10066012,0
10066013,0
10066031,0
10066032,0
10066033,0
10066131,0
10066132,0
10066133,0
10066221,0
10066222,0
10066223,0
10066261,0
10066262,0
10066263,0
10067011,8
10067012,0
10067013,70
10067014,75
10067021,96
10067022,47
10067023,118
10067024,67
10067031,113
10067032,0
10067033,56
10067034,3
10067091,4
10067092,1
10067093,0
10067094,63
10067131,0
10067132,0
10067133,1
10067134,5
10067221,6
10067222,0
10067223,0
10067224,0
10067261,9
10067262,58
10067263,3
10067264,115
10067281,0
10067282,0
10067283,0
10067284,0
10067301,8
10067302,0
10067303,0
10067304,0
10068012,0
10068013,0
10068014,0
10068015,0
10068016,0
10068017,0
10068018,0
10068052,0
10068053,0
10068054,0
10068055,0
10068056,0
10068057,0
10068058,0
10068092,0
10068093,0
10068094,0
10068095,0
10068096,0
10068097,0
10068098,0
10068122,0
10068123,0
10068124,0
10068125,0
10068126,0
10068127,0
10068128,0
10068132,0
10068133,0
10068134,0
10068135,0
10068136,0
10068137,0
10068138,0
10068142,0
10068144,0
10068147,0
10068148,0
10068152,0
10068153,0
10068154,0
10068155,0
10068156,0
10068157,0
10068158,0
10068192,0
10068193,0
10068194,0
10068195,0
10068196,0
10068197,0
10068198,0
10068252,0
10068253,0
10068254,0
10068255,0
10068256,0
10068257,0
10068258,0
10068282,0
10068283,0
10068284,0
10068285,0
10068286,0
10068287,0
10068288,0
10068412,0
10068413,0
10068414,0
10068415,0
10068416,0
10068417,0
10068418,0
10069011,4
10069012,109
10069013,40
10069031,132
10069032,231
10069033,296
10069051,0
10069052,0
10069053,0
10069101,70
10069102,88
10069103,127
10069131,0
10069132,0
10069133,0
10069211,189
10069212,241
10069213,297
10069221,3
10069222,0
10069223,3
10069261,11
10069262,1
10069263,5
10069281,138
10069282,335
10069283,118
10069551,64
10069552,20
10069553,183
10069621,42
10069622,129
10069623,38
10070013,0
10070014,0
10070015,0
10070016,0
10070033,0
10070034,0
10070035,0
10070036,0
10070223,0
10070224,0
10070225,0
10070226,0
10070263,0
10070264,0
10070265,0
10070266,0
10070303,0
10070304,0
10070305,0
10070306,0
10071013,50
10071014,42
10071015,50
10071016,26
10071033,40
10071034,7
10071035,12
10071036,1
10071103,14
10071104,5
10071105,15
10071106,29
10071123,0
10071124,0
10071125,0
10071126,0
10071223,0
10071224,0
10071225,0
10071226,0
10071303,0
10071304,0
10071305,0
10071306,0
10071433,30
10071434,23
10071435,35
10071436,56
10071803,35
10071804,32
10071805,24
10071806,5
10072013,0
10072014,0
10072015,0
10072016,0
10072033,0
10072034,0
10072035,0
10072036,0
10072103,0
10072104,0
10072105,0
10072106,0
10072223,0
10072224,0
10072225,0
10072226,0
10072303,0
10072304,0
10072305,0
10072306,0
10072433,0
10072434,0
10072435,0
10072436,0
10073013,0
10073014,70
10073015,71
10073016,99
10073017,64
10073033,0
10073034,129
10073035,172
10073036,149
10073037,183
10073053,0
10073054,23
10073055,35
10073056,59
10073057,29
10073063,3
10073064,34
10073065,9
10073066,0
10073067,0
10073133,140
10073134,70
10073135,9
10073136,0
10073137,0
10073554,80
10073555,158
10073556,187
10073557,167
10073624,128
10073625,182
10073626,202
10073627,182
10074011,0
10074012,0
10074013,0
10074031,0
10074032,0
10074033,0
10074221,0
10074222,0
10074223,0
10074301,0
10074302,0
10074303,0
10075011,33
10075012,3
10075013,14
10075031,0
10075032,2
10075033,0
10075101,37
10075102,0
10075103,1
10075121,0
10075122,0
10075123,0
10075221,13
10075222,2
10075223,0
10075301,0
10075302,0
10075303,0
10076013,0
10076014,0
10076015,0
10076016,0
10076033,0
10076034,0
10076035,0
10076036,0
10076103,0
10076104,0
10076105,0
10076106,0
10076123,0
10076124,0
10076125,0
10076126,0
10076223,0
10076224,0
10076225,0
10076226,0
10076253,0
10076254,0
10076255,0
10076256,0
10076263,0
10076264,0
10076265,0
10076266,0
10076303,0
10076304,0
10076305,0
10076306,0
10076333,0
10076334,0
10076335,0
10076336,0
10077013,0
10077014,0
10077015,0
10077016,0
10077033,0
10077034,0
10077035,0
10077036,0
10077103,0
10077104,0
10077105,0
10077106,0
10077223,0
10077224,0
10077225,0
10077226,0
10077303,0
10077304,0
10077305,0
10077306,0
10078013,0
10078014,0
10078015,0
10078016,0
10078017,0
10078018,0
10078053,0
10078054,0
10078055,0
10078056,0
10078057,0
10078058,0
10078063,0
10078064,0
10078065,0
10078066,0
10078067,0
10078068,0
10078133,0
10078134,0
10078135,0
10078136,0
10078137,0
10078138,0
10078253,0
10078254,0
10078255,0
10078256,0
10078257,0
10078258,0
10078263,0
10078264,0
10078265,0
10078266,0
10078267,0
10078268,0
10080031,0
10080032,0
10080033,0
10080131,0
10080132,0
10080133,0
10080221,0
10080222,0
10080223,0
10080261,0
10080262,0
10080263,0
10080301,0
10080302,0
10080303,0
10081013,0
10081014,0
10081015,0
10081016,0
10081033,0
10081034,0
10081035,0
10081036,0
10081223,0
10081224,0
10081225,0
10081226,0
10081263,0
10081264,0
10081265,0
10081266,0
10081303,0
10081304,0
10081305,0
10081306,0
10082033,0
10082034,0
10082035,0
10082036,0
10082133,0
10082134,0
10082135,0
10082136,0
10082223,0
10082224,0
10082225,0
10082226,0
10082263,0
10082264,0
10082265,0
10082266,0
10082303,0
10082304,0
10082305,0
10082306,0
10083033,0
10083034,0
10083035,0
10083036,0
10083133,0
10083134,0
10083135,0
10083136,0
10083223,0
10083224,0
10083225,0
10083226,0
10083263,0
10083264,0
10083265,0
10083266,0
10083303,0
10083304,0
10083305,0
10083306,0
10084033,0
10084034,0
10084035,0
10084036,0
10084133,0
10084134,0
10084135,0
10084136,0
10084223,0
10084224,0
10084225,0
10084226,0
10084263,0
10084264,0
10084265,0
10084266,0
10084303,0
10084304,0
10084305,0
10084306,0
10085013,0
10085014,0
10085015,0
10085016,0
10085033,0
10085034,0
10085035,0
10085036,0
10085223,0
10085224,0
10085225,0
10085226,0
10085263,0
10085264,0
10085265,0
10085266,0
10085303,0
10085304,0
10085305,0
10085306,0
10086011,0
10086012,0
10086013,0
10086031,0
10086032,0
10086033,0
10086221,0
10086222,0
10086223,0
10086261,0
10086262,0
10086263,0
10086301,0
10086302,0
10086303,0
10087031,0
10087032,0
10087033,0
10087131,0
10087132,0
10087133,0
10087221,0
10087222,0
10087223,0
10087261,0
10087262,0
10087263,0
10087301,0
10087302,0
10087303,0
10088011,0
10088012,0
10088013,0
10088031,0
10088032,0
10088033,0
10088101,0
10088102,0
10088103,0
10088121,0
10088122,0
10088123,0
10088221,0
10088222,0
10088223,0
10088301,0
10088302,0
10088303,0
10089012,105
10089013,131
10089014,78
10089015,84
10089022,66
10089023,162
10089024,44
10089025,108
10089032,95
10089033,13
10089034,66
10089035,14
10089092,108
10089093,52
10089094,81
10089095,137
10089222,0
10089223,0
10089224,0
10089225,0
10089262,0
10089263,0
10089264,0
10089265,0
10089292,0
10089293,0
10089294,0
10089295,0
10089302,0
10089303,0
10089304,0
10089305,0
10089432,109
10089433,207
10089434,91
10089435,32
10090011,0
10090012,0
10090013,0
10090031,0
10090032,0
10090033,0
10090061,0
10090062,0
10090063,0
10090221,0
10090222,0
10090223,0
10090301,0
10090302,0
10090303,0
10090341,0
10090342,0
10090343,0
10091013,0
10091014,0
10091015,0
10091016,0
10091033,0
10091034,0
10091035,0
10091036,0
10091063,0
10091064,0
10091065,0
10091066,0
10091223,0
10091224,0
10091225,0
10091226,0
10091303,0
10091304,0
10091305,0
10091306,0
10092011,0
10092012,0
10092013,0
10092031,0
10092032,0
10092033,0
10092261,0
10092262,0
10092263,0
10092301,0
10092302,0
10092303,0
10092331,0
10092332,0
10092333,0
10093011,0
10093012,0
10093013,0
10093031,0
10093032,0
10093033,0
10093221,0
10093222,0
10093223,0
10093261,0
10093262,0
10093263,0
10093301,0
10093302,0
10093303,0
10094011,0
10094012,0
10094031,0
10094032,0
10094101,0
10094102,0
10095011,0
10095012,0
10095031,0
10095032,0
10095101,0
10095102,0
10096013,0
10096014,0
10096015,0
10096016,0
10096033,0
10096034,0
10096035,0
10096036,0
10096223,0
10096224,0
10096225,0
10096226,0
10096263,0
10096264,0
10096265,0
10096266,0
10096333,0
10096334,0
10096335,0
10096336,0
10097011,0
10097012,0
10097013,0
10097031,0
10097032,0
10097033,0
10097051,0
10097052,0
10097053,0
10097101,0
10097102,0
10097103,0
10097221,0
10097222,0
10097223,0
10097261,0
10097262,0
10097263,0
10098031,0
10098032,0
10098101,0
10098102,0
10099031,0
10099032,0
10099101,0
10099102,0
10100011,0
10100012,0
10100031,0
10100032,0
10100221,0
10100222,0
10100301,0
10100302,0
10101011,0
10101012,0
10101031,0
10101032,0
10101221,0
10101222,0
10101301,0
10101302,0
10102131,0
10102132,0
10102133,0
10102134,0
10102135,0
10102221,0
10102222,0
10102223,0
10102224,0
10102225,0
10102261,0
10102262,0
10102263,0
10102264,0
10102265,0
10102301,0
10102302,0
10102303,0
10102304,0
10102305,0
10103011,0
10103012,0
10103016,0
10103321,0
10103322,0
10103326,0
10103331,0
10103332,0
10103336,0
10103351,0
10103352,0
10103356,0
10103401,0
10103402,0
10103406,0
10104011,0
10104012,0
10104013,0
10104014,0
10104015,0
10104151,0
10104152,0
10104153,0
10104154,0
10104155,0
10104321,0
10104322,0
10104323,0
10104324,0
10104325,0
10104331,0
10104332,0
10104333,0
10104334,0
10104335,0
10104351,0
10104352,0
10104353,0
10104354,0
10104355,0
10104401,0
10104402,0
10104403,0
10104404,0
10104405,0
10105051,0
10105052,0
10105053,0
10105054,0
10105055,0
10105061,0
10105062,0
10105063,0
10105064,0
10105065,0
10105331,0
10105332,0
10105333,0
10105334,0
10105335,0
10106011,0
10106012,0
10106013,0
10106014,0
10106015,0
10106091,0
10106092,0
10106093,0
10106094,0
10106095,0
10106131,0
10106132,0
10106133,0
10106134,0
10106135,0
10106191,0
10106192,0
10106193,0
10106194,0
10106195,0
10107011,0
10107012,0
10107013,0
10107031,0
10107032,0
10107033,0
10107221,0
10107222,0
10107223,0
10107261,0
10107262,0
10107263,0
10107331,0
10107332,0
10107333,0
10108011,0
10108012,0
10108013,0
10108031,0
10108032,0
10108033,0
10108051,0
10108052,0
10108053,0
10108101,0
10108102,0
10108103,0
10108221,0
10108222,0
10108223,0
10108261,0
10108262,0
10108263,0
10109011,0
10109012,0
10109013,0
10109221,0
10109222,0
10109223,0
10109261,0
10109262,0
10109263,0
10109331,0
10109332,0
10109333,0
10109421,0
10109422,0
10109423,0
10109441,0
10109442,0
10109443,0
10110011,0
10110012,0
10110031,0
10110032,0
10110061,0
10110062,0
10110101,0
10110102,0
10111011,0
10111012,0
10111031,0
10111032,0
10111061,0
10111062,0
10111101,0
10111102,0
10112014,28
10112015,5
10112016,51
10112017,47
10112034,85
10112035,111
10112036,93
10112037,50
10112124,1
10112125,0
10112126,0
10112127,0
10112624,25
10112625,15
10112626,20
10112627,83
10112804,79
10112805,54
10112806,63
10112807,61
10113011,246
10113012,149
10113013,4
10113031,66
10113032,0
10113033,0
10113121,208
10113122,6
10113123,2
10114011,135
10114012,184
10114013,178
10114031,15
10114032,30
10114033,16
10114101,25
10114102,17
10114103,25
10114121,0
10114122,3
10114123,0
10114221,0
10114222,0
10114223,0
10114301,0
10114302,0
10114303,0
10114331,0
10114332,0
10114333,0
10114431,92
10114432,12
10114433,14
10114601,0
10114602,0
10114603,0
10114611,0
10114612,0
10114613,0
10115013,0
10115014,0
10115015,0
10115016,0
10115033,0
10115034,0
10115035,0
10115036,0
10115223,0
10115224,0
10115225,0
10115226,0
10115263,0
10115264,0
10115265,0
10115266,0
10115333,0
10115334,0
10115335,0
10115336,0
10116014,75
10116015,27
10116016,97
10116017,55
10116018,37
10116034,13
10116035,73
10116036,72
10116037,58
10116038,47
10116124,0
10116125,0
10116126,0
10116127,0
10116128,0
10116264,20
10116265,14
10116266,2
10116267,5
10116268,2
10116334,1
10116335,0
10116336,0
10116337,0
10116338,0
10116624,50
10116625,45
10116626,37
10116627,28
10116628,67
10116804,45
10116805,53
10116806,44
10116807,80
10116808,71
10122011,0
10122012,0
10122013,0
10122031,0
10122032,0
10122033,0
10122071,0
10122072,0
10122073,0
10122231,0
10122232,0
10122233,0
10122261,0
10122262,0
10122263,0
10122331,0
10122332,0
10122333,0
10123013,0
10123014,0
10123015,0
10123016,0
10123033,0
10123034,0
10123035,0
10123036,0
10123103,0
10123104,0
10123105,0
10123106,0
10123123,0
10123124,0
10123125,0
10123126,0
10123223,0
10123224,0
10123225,0
10123226,0
10123263,0
10123264,0
10123265,0
10123266,0
10125011,0
10125012,0
10125013,0
10125031,0
10125032,0
10125033,0
10125071,0
10125072,0
10125073,0
10125231,0
10125232,0
10125233,0
10125331,0
10125332,0
10125333,0
10129013,0
10129014,0
10129015,0
10129016,0
10129033,0
10129034,0
10129035,0
10129036,0
10129073,0
10129074,0
10129075,0
10129076,0
10129123,0
10129124,0
10129125,0
10129126,0
10129333,0
10129334,0
10129335,0
10129336,0
10130011,0
10130012,0
10130013,0
10130031,0
10130032,0
10130033,0
10130071,0
10130072,0
10130073,0
10130121,0
10130122,0
10130123,0
10130331,0
10130332,0
10130333,0
10131013,0
10131014,0
10131015,0
10131016,0
10131033,0
10131034,0
10131035,0
10131036,0
10131073,0
10131074,0
10131075,0
10131076,0
10131233,0
10131234,0
10131235,0
10131236,0
10131333,0
10131334,0
10131335,0
10131336,0
10132013,0
10132014,0
10132015,0
10132016,0
10132033,0
10132034,0
10132035,0
10132036,0
10132133,0
10132134,0
10132135,0
10132136,0
10132223,0
10132224,0
10132225,0
10132226,0
10132263,0
10132264,0
10132265,0
10132266,0
10132303,0
10132304,0
10132305,0
10132306,0
10133011,0
10133012,0
10133013,0
10133031,0
10133032,0
10133033,0
10133131,0
10133132,0
10133133,0
10133221,0
10133222,0
10133223,0
10133261,0
10133262,0
10133263,0
10133301,0
10133302,0
10133303,0
10134011,0
10134012,0
10134013,0
10134031,0
10134032,0
10134033,0
10134071,0
10134072,0
10134073,0
10134231,0
10134232,0
10134233,0
10134331,0
10134332,0
10134333,0
10135033,0
10135034,0
10135035,0
10135036,0
10135073,0
10135074,0
10135075,0
10135076,0
10135233,0
10135234,0
10135235,0
10135236,0
10135333,0
10135334,0
10135335,0
10135336,0
10136031,0
10136032,0
10136033,0
10136071,0
10136072,0
10136073,0
10136231,0
10136232,0
10136233,0
10136331,0
10136332,0
10136333,0
10137011,0
10137012,0
10137013,0
10137051,0
10137052,0
10137053,0
10137071,0
10137072,0
10137073,0
10137131,0
10137132,0
10137133,0
10137261,0
10137262,0
10137263,0
10138031,0
10138032,0
10138033,0
10138131,0
10138132,0
10138133,0
10138221,0
10138222,0
10138223,0
10138261,0
10138262,0
10138263,0
10138301,0
10138302,0
10138303,0
10139013,0
10139014,0
10139015,0
10139016,0
10139033,0
10139034,0
10139035,0
10139036,0
10139073,0
10139074,0
10139075,0
10139076,0
10139123,0
10139124,0
10139125,0
10139126,0
10139223,0
10139224,0
10139225,0
10139226,0
10140011,517
10140012,833
10140013,635
10140031,520
10140032,1136
10140033,785
10140071,255
10140072,442
10140073,263
10140101,108
10140102,406
10140103,148
10140221,0
10140222,0
10140223,0
10140281,324
10140282,434
10140283,369
10140331,0
10140332,0
10140333,0
10140441,0
10140442,0
10140443,0
10140551,554
10140552,1078
10140553,777
10140621,382
10140622,609
10140623,518
10140801,389
10140802,516
10140803,403
10141011,0
10141012,0
10141013,0
10141031,0
10141032,0
10141033,0
10141071,0
10141072,0
10141073,0
10141121,0
10141122,0
10141123,0
10141221,0
10141222,0
10141223,0
10142033,0
10142034,0
10142035,0
10142036,0
10142073,0
10142074,0
10142075,0
10142076,0
10142223,0
10142224,0
10142225,0
10142226,0
10142233,0
10142234,0
10142235,0
10142236,0
10142263,0
10142264,0
10142265,0
10142266,0
10142333,0
10142334,0
10142335,0
10142336,0
10143031,0
10143032,0
10143033,0
10143071,0
10143072,0
10143073,0
10143221,0
10143222,0
10143223,0
10143231,0
10143232,0
10143233,0
10143261,0
10143262,0
10143263,0
10143331,0
10143332,0
10143333,0
10144033,0
10144034,0
10144035,0
10144036,0
10144037,0
10144073,0
10144074,0
10144075,0
10144076,0
10144077,0
10144193,0
10144194,0
10144195,0
10144196,0
10144197,0
10145031,0
10145032,0
10145033,0
10145071,0
10145072,0
10145073,0
10145191,0
10145192,0
10145193,0
10146013,0
10146014,0
10146015,0
10146016,0
10146033,0
10146034,0
10146035,0
10146036,0
10146063,0
10146064,0
10146065,0
10146066,0
10146073,0
10146074,0
10146075,0
10146076,0
10146223,0
10146224,0
10146225,0
10146226,0
10147061,0
10147062,0
10147063,0
10147071,0
10147072,0
10147073,0
10147221,0
10147222,0
10147223,0
10148252,0
10148253,0
10148254,0
10148255,0
10148256,0
10148257,0
10148258,0
10149012,0
10149013,0
10149014,0
10149032,0
10149033,0
10149034,0
10149122,0
10149123,0
10149124,0
10150013,0
10150014,0
10150015,0
10150016,0
10150073,0
10150074,0
10150075,0
10150076,0
10150333,0
10150334,0
10150335,0
10150336,0
10151011,0
10151012,0
10151013,0
10151071,0
10151072,0
10151073,0
10151331,0
10151332,0
10151333,0
10152013,60
10152014,36
10152015,18
10152016,22
10152017,0
10152033,31
10152034,0
10152035,0
10152036,14
10152037,47
10152123,54
10152124,36
10152125,17
10152126,83
10152127,42
10152223,0
10152224,0
10152225,0
10152226,0
10152227,0
10152623,28
10152624,1
10152625,4
10152626,22
10152627,33
10153011,218
10153012,629
10153013,302
10153031,104
10153032,78
10153033,2
10153121,174
10153122,337
10153123,260
10153221,0
10153222,0
10153223,0
10153621,22
10153622,208
10153623,183
10154011,0
10154012,0
10154013,0
10154031,0
10154032,0
10154033,0
10154071,0
10154072,0
10154073,0
10154131,0
10154132,0
10154133,0
10154221,0
10154222,0
10154223,0
10154231,0
10154232,0
10154233,0
10155013,0
10155014,0
10155015,0
10155016,0
10155033,29
10155034,28
10155035,1
10155036,28
10155223,0
10155224,0
10155225,0
10155226,0
10155303,0
10155304,0
10155305,0
10155306,0
10155433,43
10155434,35
10155435,12
10155436,50
10155803,25
10155804,38
10155805,0
10155806,8
10156011,178
10156012,0
10156013,11
10156031,90
10156032,2
10156033,1
10156221,0
10156222,0
10156223,0
10156301,0
10156302,0
10156303,0
10156431,10
10156432,0
10156433,7
10156801,185
10156802,0
10156803,147
10157013,0
10157014,0
10157015,0
10157016,0
10157033,0
10157034,0
10157035,0
10157036,0
10157223,0
10157224,0
10157225,0
10157226,0
10157263,0
10157264,0
10157265,0
10157266,0
10158011,161
10158012,34
10158013,175
10158031,38
10158032,0
10158033,72
10158221,279
10158222,55
10158223,235
10158261,185
10158262,24
10158263,125
10159013,0
10159014,0
10159015,0
10159016,0
10159017,0
10159033,0
10159034,0
10159035,0
10159036,0
10159037,0
10159223,0
10159224,0
10159225,0
10159226,0
10159227,0
10159233,0
10159234,0
10159235,0
10159236,0
10159237,0
10159333,0
10159334,0
10159335,0
10159336,0
10159337,0
10160011,0
10160012,0
10160013,0
10160031,0
10160032,0
10160033,0
10160221,0
10160222,0
10160223,0
10160231,0
10160232,0
10160233,0
10160331,0
10160332,0
10160333,0
10161252,0
10161253,0
10161254,0
10161255,0
10161256,0
10161257,0
10162011,0
10162012,2
10162013,2
10162031,0
10162032,0
10162033,0
10162071,1
10162072,0
10162073,2
10162131,0
10162132,0
10162133,0
10162221,0
10162222,0
10162223,0
10162231,0
10162232,1
10162233,0
10163252,0
10163253,0
10163254,0
10163255,0
10163256,0
10163257,0
10164024,0
10164025,0
10164026,0
10164027,0
10164034,0
10164035,0
10164036,0
10164037,0
10164334,0
10164335,0
10164336,0
10164337,0
10165014,20
10165015,39
10165016,53
10165017,32
10165034,171
10165035,139
10165036,206
10165037,152
10165124,23
10165125,0
10165126,0
10165127,39
10165624,103
10165625,104
10165626,106
10165627,147
10166012,0
10166013,0
10166014,0
10166032,0
10166033,0
10166034,0
10166122,0
10166123,0
10166124,0
10166262,0
10166263,0
10166264,0
10167014,0
10167015,0
10167016,0
10167017,0
10167024,0
10167025,0
10167026,0
10167027,0
10167034,0
10167035,0
10167036,0
10167037,0
10167104,0
10167105,0
10167106,0
10167107,0
10168012,0
10168013,0
10168014,0
10168022,0
10168023,0
10168024,0
10168032,0
10168033,0
10168034,0
10168102,0
10168103,0
10168104,0
10169021,0
10169022,0
10169023,0
10169024,0
10170021,0
10170022,0
10170023,0
10170024,0
10171013,0
10171014,0
10171015,0
10171016,0
10171033,0
10171034,0
10171035,0
10171036,0
10171433,0
10171434,0
10171435,0
10171436,0
10172011,0
10172012,0
10172013,0
10172031,0
10172032,0
10172033,0
10172431,0
10172432,0
10172433,0
10173011,0
10173012,0
10173013,0
10173031,0
10173032,0
10173033,0
10173051,0
10173052,0
10173053,0
10173061,0
10173062,0
10173063,0
10174031,0
10174032,0
10174033,0
10174071,0
10174072,0
10174073,0
10174261,0
10174262,0
10174263,0
10175014,0
10175015,0
10175016,0
10175017,0
10175018,0
10175034,0
10175035,0
10175036,0
10175037,0
10175038,0
10176012,0
10176013,0
10176014,0
10176032,0
10176033,0
10176034,0
10177014,0
10177015,0
10177016,0
10177034,0
10177035,0
10177036,0
10177124,0
10177125,0
10177126,0
10177434,0
10177435,0
10177436,0
10178253,0
10178254,0
10178255,0
10178256,0
10178257,0
10179011,9
10179012,2
10179013,0
10179021,0
10179022,0
10179023,5
10179031,40
10179032,1
10179033,0
10179431,52
10179432,0
10179433,13
10179521,0
10179522,0
10179523,0
10180031,0
10180032,0
10180033,0
10180051,0
10180052,0
10180053,0
10180191,0
10180192,0
10180193,0
10180211,0
10180212,0
10180213,0
10180431,0
10180432,0
10180433,0
10181011,0
10181012,0
10181013,0
10181014,0
10181015,0
10182011,0
10182012,0
10182013,0
10182014,0
10182015,0
10183011,0
10183012,0
10183013,0
10183031,0
10183032,0
10183033,0
10183121,0
10183122,0
10183123,0
10183261,0
10183262,0
10183263,0
10183331,0
10183332,0
10183333,0
10184011,0
10184012,0
10184013,0
10184031,0
10184032,0
10184033,0
10184071,0
10184072,0
10184073,0
10184231,0
10184232,0
10184233,0
10184261,0
10184262,0
10184263,0
10185011,349
10185012,755
10185013,477
10185041,455
10185042,947
10185043,382
10185091,325
10185092,213
10185093,88
10185121,391
10185122,722
10185123,138
10186013,35
10186014,62
10186015,32
10186016,7
10186043,46
10186044,37
10186045,39
10186046,75
10186093,73
10186094,37
10186095,13
10186096,84
10186123,90
10186124,92
10186125,61
10186126,56
10187014,0
10187015,0
10187016,0
10187034,0
10187035,0
10187036,0
10187104,0
10187105,0
10187106,0
10187334,0
10187335,0
10187336,0
10187434,0
10187435,0
10187436,0
10188011,113
10188012,368
10188013,264
10188014,179
10188031,209
10188032,518
10188033,309
10188034,75
10188101,0
10188102,1
10188103,1
10188104,0
10188331,0
10188332,0
10188333,0
10188334,0
10188431,0
10188432,0
10188433,0
10188434,0
10188551,167
10188552,428
10188553,334
10188554,100
10188621,278
10188622,860
10188623,621
10188624,233
10188801,420
10188802,606
10188803,325
10188804,137
10189252,0
10189253,0
10189254,0
10190011,0
10190012,0
10190013,0
10190031,0
10190032,0
10190033,0
10190101,0
10190102,0
10190103,0
10190231,0
10190232,0
10190233,0
10190261,0
10190262,0
10190263,0
10191011,0
10191012,0
10191013,0
10191021,0
10191022,0
10191023,0
10191031,0
10191032,0
10191033,0
10191061,0
10191062,0
10191063,0
10191331,0
10191332,0
10191333,0
10192012,0
10192013,0
10192014,0
10192015,0
10192016,0
10192017,0
10192018,0
10193011,0
10193012,0
10193013,0
10193014,0
10193015,0
10194013,0
10194014,0
10194015,0
10194016,0
10194017,0
10195011,0
10195012,0
10195013,0
10195014,0
10195015,0
10196011,0
10196012,0
10196013,0
10196014,0
10196015,0
10196091,0
10196092,0
10196093,0
10196094,0
10196095,0
10196131,0
10196132,0
10196133,0
10196134,0
10196135,0
10196191,0
10196192,0
10196193,0
10196194,0
10196195,0
10197011,1
10197012,0
10197013,0
10197014,0
10197021,300
10197022,643
10197023,14
10197024,325
10197031,608
10197032,678
10197033,501
10197034,229
10198011,0
10198012,0
10198013,0
10198031,0
10198032,0
10198033,0
10198061,0
10198062,0
10198063,0
10198181,0
10198182,0
10198183,0
10198191,0
10198192,0
10198193,0
10199013,0
10199014,0
10199015,0
10199016,0
10199033,0
10199034,0
10199035,0
10199036,0
10199263,0
10199264,0
10199265,0
10199266,0
10199333,0
10199334,0
10199335,0
10199336,0
10200011,30
10200012,54
10200013,0
10200031,0
10200032,0
10200033,1
10200051,102
10200052,69
10200053,91
10200091,0
10200092,0
10200093,0
10200181,51
10200182,81
10200183,161
10200431,135
10200432,74
10200433,61
10201011,537
10201012,1058
10201013,512
10201041,422
10201042,913
10201043,527
10201091,629
10201092,405
10201093,154
10201121,206
10201122,1050
10201123,164
10202013,22
10202014,19
10202015,9
10202016,22
10202043,52
10202044,66
10202045,20
10202046,55
10202093,43
10202094,48
10202095,32
10202096,28
10202123,61
10202124,22
10202125,34
10202126,48
10203011,168
10203012,364
10203013,279
10203031,344
10203032,533
10203033,386
10203551,0
10203552,0
10203553,0
10203561,128
10203562,170
10203563,210
10203651,330
10203652,715
10203653,562
10203661,423
10203662,691
10203663,561
10204013,0
10204014,0
10204015,0
10204016,1
10204033,64
10204034,29
10204035,49
10204036,13
10204553,0
10204554,0
10204555,0
10204556,0
10204563,81
10204564,67
10204565,63
10204566,61
10204653,53
10204654,70
10204655,81
10204656,81
10204663,44
10204664,63
10204665,62
10204666,38
10205012,0
10205013,0
10205014,0
10205032,161
10205033,103
10205034,85
10205122,112
10205123,95
10205124,72
10205432,0
10205433,0
10205434,0
10205622,75
10205623,101
10205624,25
10206011,0
10206012,0
10206013,0
10206014,12
10206021,21
10206022,96
10206023,3
10206024,167
10206031,6
10206032,6
10206033,182
10206034,22
10207252,0
10207253,0
10207254,0
10207255,0
10207256,0
10207257,0
10208252,0
10208253,0
10208254,0
10208255,0
10208256,0
10208257,0
10209252,0
10209253,0
10209254,0
10209255,0
10209256,0
10209257,0
10210563,2
10210564,0
10210565,0
10210566,0
10210633,0
10210634,0
10210635,0
10210636,0
10210643,25
10210644,0
10210645,0
10210646,0
10210653,20
10210654,0
10210655,0
10210656,0
10210663,2
10210664,0
10210665,0
10210666,0
10211561,0
10211562,2
10211563,0
10211631,0
10211632,0
10211633,0
10211641,21
10211642,111
10211643,15
10211651,0
10211652,0
10211653,0
10211661,2
10211662,1
10211663,0
10212252,0
10212253,0
10212254,0
10212255,0
10212256,0
10212257,0
10213011,0
10213012,0
10213013,0
10213014,6
10213021,209
10213022,190
10213023,114
10213024,204
10213031,1
10213032,6
10213033,17
10213034,1
10214252,0
10214253,0
10214254,0
10214255,0
10214256,0
10214257,0
10215252,0
10215253,0
10215254,0
10215255,0
10215256,0
10215257,0
10216563,3
10216564,0
10216565,0
10216566,0
10216633,0
10216634,0
10216635,0
10216636,0
10216643,0
10216644,0
10216645,0
10216646,0
10216653,1
10216654,0
10216655,0
10216656,0
10216663,20
10216664,0
10216665,0
10216666,0
10217561,0
10217562,2
10217563,113
10217631,0
10217632,0
10217633,0
10217641,0
10217642,2
10217643,0
10217651,180
10217652,0
10217653,5
10217661,23
10217662,0
10217663,0
10218013,31
10218014,7
10218015,0
10218016,26
10218033,70
10218034,32
10218035,0
10218036,77
10218213,18
10218214,39
10218215,46
10218216,56
10218553,2
10218554,7
10218555,17
10218556,44
10218613,0
10218614,0
10218615,0
10218616,0
10219011,289
10219012,363
10219013,276
10219031,72
10219032,154
10219033,80
10219211,209
10219212,267
10219213,198
10219551,323
10219552,22
10219553,306
10219611,0
10219612,0
10219613,0
10220013,0
10220014,0
10220015,0
10220016,0
10220033,0
10220034,0
10220035,0
10220036,0
10220043,0
10220044,0
10220045,0
10220046,0
10220233,0
10220234,0
10220235,0
10220236,0
10221011,0
10221012,0
10221013,0
10221031,0
10221032,0
10221033,0
10221041,0
10221042,0
10221043,0
10221231,0
10221232,0
10221233,0
10222013,40
10222014,48
10222015,19
10222016,12
10222033,41
10222034,32
10222035,39
10222036,58
10222433,64
10222434,58
10222435,35
10222436,71
10222553,58
10222554,37
10222555,15
10222556,59
10222603,26
10222604,0
10222605,0
10222606,0
10222613,0
10222614,0
10222615,0
10222616,0
10222803,105
10222804,80
10222805,63
10222806,59
10223011,45
10223012,262
10223013,163
10223031,135
10223032,367
10223033,38
10223431,136
10223432,238
10223433,266
10223551,155
10223552,153
10223553,176
10223601,0
10223602,0
10223603,0
10223611,0
10223612,0
10223613,0
10223801,153
10223802,252
10223803,231
10224213,90
10224214,76
10224215,55
10224216,88
10224233,77
10224234,78
10224235,60
10224236,74
10224263,0
10224264,0
10224265,0
10224266,0
10224333,52
10224334,84
10224335,60
10224336,41
10225211,98
10225212,247
10225213,160
10225231,262
10225232,496
10225233,468
10225261,199
10225262,588
10225263,329
10225281,824
10225282,774
10225283,745
10225331,347
10225332,77
10225333,354
10227011,0
10227012,0
10227013,0
10227031,0
10227032,0
10227033,0
10227051,0
10227052,0
10227053,0
10227091,0
10227092,0
10227093,0
10227181,0
10227182,0
10227183,0
10227431,0
10227432,0
10227433,0
10228014,0
10228015,0
10228016,0
10228034,0
10228035,0
10228036,0
10228624,0
10228625,0
10228626,0
10229011,0
10229012,0
10229013,1
10229014,1
10229031,112
10229032,247
10229033,139
10229034,20
10229621,8
10229622,43
10229623,23
10229624,49
10229801,177
10229802,380
10229803,266
10229804,111
10230011,0
10230012,0
10230013,0
10230031,249
10230032,200
10230033,78
10230621,265
10230622,92
10230623,221
10230801,153
10230802,304
10230803,135
10231011,6
10231012,29
10231013,50
10231014,28
10231031,81
10231032,137
10231033,30
10231034,33
10231621,120
10231622,238
10231623,264
10231624,97
10231801,149
10231802,316
10231803,260
10231804,122
10232011,0
10232012,0
10232013,0
10232014,0
10232015,0
10232061,0
10232062,0
10232063,0
10232064,0
10232065,0
10232131,0
10232132,0
10232133,0
10232134,0
10232135,0
10232181,0
10232182,0
10232183,0
10232184,0
10232185,0
10232191,0
10232192,0
10232193,0
10232194,0
10232195,0
10233011,0
10233012,0
10233013,0
10233014,0
10233015,0
10233041,0
10233042,0
10233043,0
10233044,0
10233045,0
10233061,0
10233062,0
10233063,0
10233064,0
10233065,0
10233181,0
10233182,0
10233183,0
10233184,0
10233185,0
10233191,0
10233192,0
10233193,0
10233194,0
10233195,0
10234011,0
10234012,0
10234013,0
10234014,0
10234015,0
10234051,0
10234052,0
10234053,0
10234054,0
10234055,0
10234061,0
10234062,0
10234063,0
10234064,0
10234065,0
10234181,0
10234182,0
10234183,0
10234184,0
10234185,0
10234191,0
10234192,0
10234193,0
10234194,0
10234195,0
10235252,0
10235253,0
10235254,0
10235255,0
10235256,0
10235257,0
10236252,4
10236253,0
10236254,224
10236255,378
10236256,61
10236257,53
10236258,5
10237011,0
10237012,0
10237013,0
10237031,0
10237032,0
10237033,0
10237071,0
10237072,0
10237073,0
10237101,0
10237102,0
10237103,0
10237331,0
10237332,0
10237333,0
10238011,0
10238012,0
10238013,0
10238031,0
10238032,0
10238033,0
10238071,0
10238072,0
10238073,0
10238101,0
10238102,0
10238103,0
10238331,0
10238332,0
10238333,0
10239011,0
10239012,0
10239013,0
10239014,0
10239015,0
10239061,0
10239062,0
10239063,0
10239064,0
10239065,0
10239121,0
10239122,0
10239123,0
10239124,0
10239125,0
10239181,0
10239182,0
10239183,0
10239184,0
10239185,0
10239601,0
10239602,0
10239603,0
10239604,0
10239605,0
10240013,0
10240014,0
10240015,0
10240016,0
10240017,0
10240018,0
10240063,0
10240064,0
10240065,0
10240066,0
10240067,0
10240068,0
10240123,0
10240124,0
10240125,0
10240126,0
10240127,0
10240128,0
10240183,0
10240184,0
10240185,0
10240186,0
10240187,0
10240188,0
10240603,0
10240604,0
10240605,0
10240606,0
10240607,0
10240608,0
10241061,0
10241062,0
10241063,0
10241064,0
10241065,0
10241181,0
10241182,0
10241183,0
10241184,0
10241185,0
10241191,0
10241192,0
10241193,0
10241194,0
10241195,0
10241461,0
10241462,0
10241463,0
10241464,0
10241465,0
10242063,0
10242064,0
10242065,0
10242066,0
10242067,0
10242068,0
10242183,0
10242184,0
10242185,0
10242186,0
10242187,0
10242188,0
10242193,0
10242194,0
10242195,0
10242196,0
10242197,0
10242198,0
10242463,0
10242464,0
10242465,0
10242466,0
10242467,0
10242468,0
10243011,0
10243012,0
10243013,0
10243014,22
10243031,139
10243032,62
10243033,51
10243034,112
10243621,71
10243622,0
10243623,7
10243624,104
10244011,0
10244012,0
10244013,0
10244021,0
10244022,0
10244023,0
10244031,0
10244032,0
10244033,0
10244091,0
10244092,0
10244093,0
10244261,0
10244262,0
10244263,0
10245252,0
10245253,0
10245254,0
10245255,0
10245256,0
10246252,0
10246253,0
10246254,0
10246255,0
10246256,0
10247281,11
10247282,0
10247283,0
10248043,0
10248044,0
10248045,0
10248046,0
10248083,0
10248084,0
10248085,0
10248086,0
10248193,0
10248194,0
10248195,0
10248196,0
10248603,0
10248604,0
10248605,0
10248606,0
10249041,0
10249042,0
10249043,0
10249081,0
10249082,0
10249083,0
10249191,0
10249192,0
10249193,0
10249601,0
10249602,0
10249603,0
10250563,2
10250564,0
10250565,0
10250566,0
10250643,3
10250644,0
10250645,0
10250646,0
10250653,0
10250654,0
10250655,0
10250656,0
10250663,0
10250664,1
10250665,0
10250666,9
10250743,0
10250744,0
10250745,0
10250746,0
10251561,196
10251562,470
10251563,216
10251641,94
10251642,288
10251643,94
10251651,153
10251652,329
10251653,136
10251661,24
10251662,57
10251663,4
10251741,0
10251742,0
10251743,0
10252011,0
10252012,0
10252013,0
10252031,0
10252032,0
10252033,0
10252601,0
10252602,0
10252603,0
10252621,0
10252622,0
10252623,0
10253011,217
10253012,446
10253013,383
10253031,226
10253032,813
10253033,610
10253051,0
10253052,0
10253053,0
10253091,248
10253092,384
10253093,342
10253601,333
10253602,758
10253603,630
10253621,167
10253622,99
10253623,329
10254013,0
10254014,0
10254015,0
10254016,0
10254033,0
10254034,0
10254035,0
10254036,0
10254213,0
10254214,0
10254215,0
10254216,0
10254603,0
10254604,0
10254605,0
10254606,0
10254623,0
10254624,0
10254625,0
10254626,0
10255011,6
10255012,0
10255013,0
10255031,7
10255032,0
10255033,0
10255211,1
10255212,0
10255213,0
10255601,1
10255602,0
10255603,0
10255621,7
10255622,0
10255623,2
10256014,0
10256015,0
10256016,0
10256017,0
10256034,0
10256035,0
10256036,0
10256037,0
10256624,0
10256625,0
10256626,0
10256627,0
10257011,16
10257012,18
10257013,9
10257031,54
10257032,7
10257033,15
10257621,110
10257622,15
10257623,12
10258014,2
10258015,0
10258016,0
10258017,0
10258034,3
10258035,0
10258036,0
10258037,0
10258624,0
10258625,0
10258626,0
10258627,0
10259011,21
10259012,0
10259013,0
10259014,0
10259031,60
10259032,60
10259033,5
10259034,91
10259621,151
10259622,0
10259623,0
10259624,113
10260012,178
10260013,157
10260014,122
10260602,162
10260603,181
10260604,125
10260622,146
10260623,170
10260624,175
10261014,68
10261015,31
10261016,48
10261017,25
10261624,53
10261625,26
10261626,84
10261627,69
10262012,0
10262013,0
10262014,0
10262602,0
10262603,0
10262604,0
10262622,0
10262623,0
10262624,0
10263013,5
10263014,0
10263015,0
10263016,0
10263033,0
10263034,0
10263035,0
10263036,0
10263603,9
10263604,0
10263605,0
10263606,0
10263623,7
10263624,0
10263625,0
10263626,1
10264011,197
10264012,206
10264013,261
10264031,5
10264032,0
10264033,41
10264601,191
10264602,454
10264603,142
10264621,45
10264622,2
10264623,55
10265011,0
10265012,0
10265013,0
10265031,0
10265032,0
10265033,0
10265261,0
10265262,0
10265263,0
10265601,0
10265602,0
10265603,0
10265621,0
10265622,0
10265623,0
10266011,0
10266012,0
10266013,0
10266014,0
10266031,0
10266032,0
10266033,0
10266034,0
10266601,0
10266602,0
10266603,0
10266604,0
10266621,0
10266622,0
10266623,0
10266624,0
10267011,0
10267012,0
10267013,0
10267014,0
10267021,0
10267022,0
10267023,0
10267024,0
10267031,0
10267032,0
10267033,0
10267034,0
10267101,0
10267102,0
10267103,0
10267104,0
10267601,0
10267602,0
10267603,0
10267604,0
10268011,50
10268012,144
10268013,125
10268014,166
10268015,105
10268051,0
10268052,0
10268053,0
10268054,0
10268055,0
10268091,138
10268092,216
10268093,162
10268094,194
10268095,171
10268181,33
10268182,155
10268183,179
10268184,112
10268185,56
10269011,3
10269012,0
10269013,0
10269014,10
10269021,90
10269022,28
10269023,60
10269024,42
10269031,115
10269032,116
10269033,168
10269034,156
10270011,0
10270012,0
10270013,0
10270014,0
10270031,0
10270032,0
10270033,0
10270034,0
10270621,0
10270622,0
10270623,0
10270624,0
10271014,0
10271015,0
10271016,0
10271017,0
10271034,0
10271035,0
10271036,0
10271037,0
10271624,0
10271625,0
10271626,0
10271627,0
10272013,61
10272014,25
10272015,8
10272016,4
10272033,10
10272034,52
10272035,2
10272036,43
10272043,37
10272044,29
10272045,0
10272046,0
10272433,5
10272434,12
10272435,11
10272436,24
10273011,972
10273012,1763
10273013,1648
10273031,1174
10273032,1663
10273033,1378
10273041,565
10273042,1838
10273043,741
10273281,684
10273282,721
10273283,604
10273431,1217
10273432,2292
10273433,1979
10273551,467
10273552,1560
10273553,1191
10274011,3
10274012,0
10274013,0
10274014,31
10274021,0
10274022,0
10274023,0
10274024,0
10274031,0
10274032,0
10274033,0
10274034,0
10274621,0
10274622,0
10274623,0
10274624,21
10275011,0
10275012,0
10275013,0
10275014,0
10275021,0
10275022,0
10275023,0
10275024,0
10275031,0
10275032,0
10275033,0
10275034,0
10276011,116
10276012,153
10276013,254
10276014,84
10276031,253
10276032,401
10276033,332
10276034,204
10276091,55
10276092,90
10276093,149
10276094,91
10276601,119
10276602,164
10276603,259
10276604,133
10276621,167
10276622,200
10276623,286
10276624,135
10277013,0
10277014,0
10277015,0
10277016,0
10277033,0
10277034,0
10277035,0
10277036,0
10277213,0
10277214,0
10277215,0
10277216,0
10277623,0
10277624,0
10277625,0
10277626,0
10278013,0
10278014,0
10278015,0
10278016,0
10278017,0
10278033,0
10278034,0
10278035,0
10278036,0
10278037,0
10278213,0
10278214,0
10278215,0
10278216,0
10278217,0
10278623,0
10278624,0
10278625,0
10278626,0
10278627,0
10279011,0
10279012,0
10279013,0
10279031,0
10279032,0
10279033,0
10279041,0
10279042,0
10279043,0
10279281,0
10279282,0
10279283,0
10279601,0
10279602,0
10279603,0
10279621,0
10279622,0
10279623,0
10280012,0
10280013,40
10280014,95
10280015,84
10280032,0
10280033,1
10280034,38
10280035,5
10280432,0
10280433,0
10280434,0
10280435,0
10280622,0
10280623,2
10280624,55
10280625,43
10281012,0
10281013,0
10281014,0
10281015,0
10281016,0
10281017,0
10281122,0
10281123,0
10281124,0
10281125,0
10281126,0
10281127,0
10281182,0
10281183,0
10281184,0
10281185,0
10281186,0
10281187,0
10281192,0
10281193,0
10281194,0
10281195,0
10281196,0
10281197,0
10281252,0
10281253,0
10281254,0
10281255,0
10281256,0
10281257,0
10281602,0
10281603,0
10281604,0
10281605,0
10281606,0
10281607,0
10282192,0
10282193,0
10282194,0
10282195,0
10282196,0
10282197,0
10282252,0
10282253,0
10282254,0
10282255,0
10282256,0
10282257,0
10282322,0
10282323,0
10282324,0
10282325,0
10282326,0
10282327,0
10282462,0
10282463,0
10282464,0
10282465,0
10282466,0
10282467,0
10283012,0
10283013,0
10283014,0
10283015,0
10283016,0
10283017,0
10283052,0
10283053,0
10283054,0
10283055,0
10283056,0
10283057,0
10283182,0
10283183,0
10283184,0
10283185,0
10283186,0
10283187,0
10283252,0
10283253,0
10283254,0
10283255,0
10283256,0
10283257,0
10283602,0
10283603,0
10283604,0
10283605,0
10283606,0
10283607,0
10283762,0
10283763,0
10283764,0
10283765,0
10283766,0
10283767,0
10283772,0
10283773,0
10283774,0
10283775,0
10283776,0
10283777,0
10284021,0
10284022,0
10284023,0
10284024,0
10284031,91
10284032,6
10284033,2
10284034,61
10284621,82
10284622,77
10284623,83
10284624,26
10285021,0
10285022,0
10285023,0
10285024,18
10285031,0
10285032,42
10285033,33
10285034,38
10285621,215
10285622,143
10285623,241
10285624,111
10286011,51
10286012,92
10286013,100
10286014,130
10286015,115
10286031,37
10286032,3
10286033,2
10286034,36
10286035,56
10286041,44
10286042,229
10286043,85
10286044,115
10286045,219
10286091,78
10286092,61
10286093,72
10286094,146
10286095,147
10287012,13
10287013,40
10287014,70
10287032,3
10287033,88
10287034,24
10287092,34
10287093,63
10287094,14
10288011,377
10288012,508
10288013,503
10288031,526
10288032,496
10288033,409
10288431,334
10288432,502
10288433,339
10288551,370
10288552,584
10288553,544
10288601,185
10288602,259
10288603,233
10288801,108
10288802,140
10288803,148
10289011,1
10289012,0
10289013,27
10289031,0
10289032,0
10289033,0
10289261,34
10289262,63
10289263,0
10289601,0
10289602,0
10289603,0
10290013,4
10290014,37
10290015,61
10290016,16
10290033,78
10290034,91
10290035,8
10290036,27
10290803,19
10290804,52
10290805,33
10290806,34
10290813,12
10290814,38
10290815,27
10290816,54
10291011,57
10291012,40
10291013,117
10291031,91
10291032,235
10291033,144
10291281,0
10291282,0
10291283,2
10291801,24
10291802,140
10291803,18
10291811,78
10291812,66
10291813,76
10292012,47
10292013,0
10292014,0
10292015,0
10292032,71
10292033,1
10292034,0
10292035,0
10292262,79
10292263,49
10292264,46
10292265,10
10292622,39
10292623,0
10292624,0
10292625,0
10293011,169
10293012,334
10293013,253
10293031,120
10293032,104
10293033,13
10293551,207
10293552,137
10293553,111
10293621,168
10293622,348
10293623,275
10293811,161
10293812,300
10293813,91
10294013,0
10294014,36
10294015,75
10294016,79
10294017,27
10294033,0
10294034,47
10294035,25
10294036,34
10294037,38
10294553,0
10294554,55
10294555,62
10294556,57
10294557,56
10294623,0
10294624,58
10294625,56
10294626,57
10294627,58
10294813,0
10294814,30
10294815,31
10294816,32
10294817,40
10295011,158
10295012,213
10295013,174
10295031,164
10295032,393
10295033,198
10295101,204
10295102,272
10295103,117
10295801,89
10295802,183
10295803,59
10296031,66
10296032,63
10296033,280
10296101,241
10296102,756
10296103,504
10296281,543
10296282,436
10296283,323
10296441,737
10296442,245
10296443,359
10296471,21
10296472,5
10296473,4
10296551,17
10296552,113
10296553,353
10296801,446
10296802,575
10296803,416
10297033,40
10297034,132
10297035,85
10297103,74
10297104,55
10297105,37
10297443,80
10297444,106
10297445,92
10297473,50
10297474,136
10297475,105
10297553,95
10297554,154
10297555,136
10297803,117
10297804,77
10297805,107
10298011,73
10298012,197
10298013,221
10298031,173
10298032,146
10298033,59
10298551,187
10298552,357
10298553,321
10298811,25
10298812,98
10298813,120
10299013,0
10299014,0
10299015,1
10299016,0
10299033,0
10299034,0
10299035,0
10299036,0
10299553,0
10299554,0
10299555,0
10299556,0
10299813,2
10299814,0
10299815,0
10299816,1
10300011,146
10300012,68
10300013,113
10300031,230
10300032,248
10300033,300
10300801,244
10300802,498
10300803,287
10301183,1
10301184,0
10301185,0
10301186,0
10301443,0
10301444,0
10301445,0
10301446,0
10301603,1
10301604,0
10301605,0
10301606,0
10302181,36
10302182,0
10302183,0
10302441,1
10302442,0
10302443,0
10302601,50
10302602,1
10302603,0
10303013,16
10303014,27
10303015,0
10303093,8
10303094,35
10303095,2
10303623,58
10303624,1
10303625,0
10304011,101
10304012,163
10304013,112
10304091,111
10304092,13
10304093,6
10304621,120
10304622,164
10304623,100
10305014,0
10305015,0
10305016,0
10305017,0
10305034,39
10305035,0
10305036,1
10305037,9
10305624,0
10305625,0
10305626,0
10305627,0
10306031,212
10306032,18
10306033,250
10306121,61
10306122,121
10306123,101
10306601,22
10306602,163
10306603,143
10306801,223
10306802,201
10306803,322
10306811,136
10306812,128
10306813,163
10307033,47
10307034,10
10307035,29
10307036,42
10307123,24
10307124,45
10307125,24
10307126,39
10307603,5
10307604,70
10307605,85
10307606,98
10307803,59
10307804,68
10307805,98
10307806,77
10308031,39
10308032,27
10308033,29
10308034,37
10308621,14
10308622,10
10308623,6
10308624,20
10308801,43
10308802,44
10308803,46
10308804,44
10309011,1
10309012,0
10309013,0
10309031,0
10309032,0
10309033,0
10309551,0
10309552,0
10309553,0
10309801,0
10309802,0
10309803,0
10310031,0
10310032,145
10310033,88
10310034,91
10310035,76
10310451,0
10310452,0
10310453,0
10310454,0
10310455,0
10310621,0
10310622,22
10310623,3
10310624,60
10310625,68
10311031,49
10311032,16
10311033,168
10311034,121
10311035,93
10311621,17
10311622,85
10311623,22
10311624,70
10311625,84
10312031,0
10312032,18
10312033,13
10312034,39
10312621,7
10312622,9
10312623,7
10312624,153
10313031,459
10313032,214
10313033,199
10313121,165
10313122,145
10313123,155
10313601,155
10313602,216
10313603,147
10313801,237
10313802,238
10313803,203
10314031,532
10314032,371
10314033,223
10314121,232
10314122,417
10314123,218
10314601,153
10314602,162
10314603,132
10314801,250
10314802,321
10314803,221
10314811,209
10314812,289
10314813,235
10315011,62
10315012,108
10315013,66
10315031,52
10315032,4
10315033,10
10315431,67
10315432,14
10315433,109
10315621,103
10315622,17
10315623,34
10315801,67
10315802,83
10315803,48
10316011,107
10316012,178
10316013,331
10316014,411
10316015,299
10316041,99
10316042,11
10316043,77
10316044,149
10316045,75
10316551,77
10316552,38
10316553,105
10316554,144
10316555,91
10317011,36
10317012,113
10317013,112
10317014,40
10317015,0
10317041,76
10317042,125
10317043,194
10317044,130
10317045,0
10317551,1
10317552,30
10317553,120
10317554,50
10317555,0
10318011,22
10318012,0
10318013,0
10318091,78
10318092,0
10318093,0
10318621,31
10318622,0
10318623,0
10319011,0
10319012,5
10319013,4
10319014,132
10319031,38
10319032,0
10319033,3
10319034,72
10319431,165
10319432,74
10319433,103
10319434,176
10319801,75
10319802,28
10319803,26
10319804,104
10320033,0
10320034,0
10320035,0
10320036,0
10320433,0
10320434,0
10320435,0
10320436,0
10320803,0
10320804,0
10320805,0
10320806,0
10321011,40
10321012,53
10321013,2
10321031,83
10321032,6
10321033,10
10321801,2
10321802,4
10321803,0
10323012,91
10323013,102
10323014,60
10323015,2
10323092,2
10323093,40
10323094,57
10323095,102
10324013,39
10324014,51
10324015,15
10324016,42
10324033,10
10324034,35
10324035,28
10324036,24
10324433,12
10324434,36
10324435,2
10324436,24
10324623,19
10324624,3
10324625,1
10324626,40
10324803,61
10324804,27
10324805,40
10324806,22
10325011,79
10325012,74
10325013,92
10325014,103
10325031,96
10325032,104
10325033,86
10325034,64
10325551,69
10325552,190
10325553,179
10325554,197
10325621,141
10325622,154
10325623,131
10325624,138
10326033,82
10326034,52
10326035,0
10326036,2
10326123,10
10326124,54
10326125,3
10326126,25
10326603,64
10326604,40
10326605,1
10326606,54
10326803,30
10326804,35
10326805,2
10326806,0
10327561,83
10327562,36
10327563,0
10327641,157
10327642,211
10327643,112
10327651,86
10327652,2
10327653,41
10327661,157
10327662,194
10327663,215
10328563,109
10328564,126
10328565,104
10328643,119
10328644,109
10328645,78
10328653,58
10328654,161
10328655,73
10328663,72
10328664,69
10328665,29
10329011,0
10329012,0
10329013,1
10329091,103
10329092,2
10329093,1
10329121,0
10329122,0
10329123,0
10330011,164
10330012,257
10330013,246
10330031,176
10330032,308
10330033,211
10330431,132
10330432,140
10330433,79
10330621,26
10330622,25
10330623,0
10330801,11
10330802,5
10330803,140
10331013,0
10331014,0
10331015,0
10331016,0
10331033,0
10331034,0
10331035,0
10331036,0
10331623,0
10331624,0
10331625,0
10331626,0
10331803,0
10331804,0
10331805,0
10331806,0
10332013,67
10332014,82
10332015,56
10332016,13
10332033,30
10332034,82
10332035,0
10332036,8
10332433,13
10332434,39
10332435,52
10332436,81
10332623,22
10332624,23
10332625,0
10332626,0
10332803,30
10332804,35
10332805,33
10332806,76
10333014,0
10333015,0
10333016,0
10333017,0
10333034,0
10333035,0
10333036,0
10333037,0
10333624,0
10333625,0
10333626,0
10333627,0
10334011,123
10334012,152
10334013,181
10334014,160
10334031,12
10334032,0
10334033,0
10334034,0
10334621,87
10334622,43
10334623,33
10334624,84
10335013,22
10335014,27
10335015,0
10335033,23
10335034,26
10335035,1
10335803,24
10335804,43
10335805,0
10336011,142
10336012,115
10336013,164
10336031,204
10336032,136
10336033,176
10336801,121
10336802,9
10336803,79
10337013,65
10337014,87
10337015,61
10337016,61
10337033,61
10337034,61
10337035,16
10337036,60
10337803,86
10337804,99
10337805,52
10337806,70
10337813,48
10337814,47
10337815,55
10337816,51
10338011,248
10338012,306
10338013,261
10338031,230
10338032,429
10338033,385
10338801,307
10338802,538
10338803,338
10338811,239
10338812,368
10338813,368
10339031,49
10339032,7
10339033,13
10339034,34
10339621,70
10339622,34
10339623,40
10339624,68
10339801,101
10339802,95
10339803,102
10339804,94
10340011,215
10340012,241
10340013,191
10340031,82
10340032,61
10340033,48
10340621,103
10340622,94
10340623,45
10340801,100
10340802,39
10340803,2
10341013,70
10341014,40
10341015,4
10341016,29
10341017,0
10341033,29
10341034,5
10341035,25
10341036,32
10341037,0
10341623,63
10341624,71
10341625,46
10341626,61
10341627,0
10341803,31
10341804,58
10341805,41
10341806,56
10341807,0
10342033,91
10342034,102
10342035,35
10342036,57
10342623,98
10342624,76
10342625,0
10342626,38
10342803,112
10342804,54
10342805,0
10342806,20
10343011,48
10343012,150
10343013,152
10343031,91
10343032,54
10343033,86
10343621,170
10343622,114
10343623,89
10343801,174
10343802,211
10343803,153
10344033,98
10344034,41
10344035,7
10344036,8
10344623,113
10344624,32
10344625,6
10344626,7
10344803,117
10344804,44
10344805,2
10344806,37
10345011,129
10345012,123
10345013,44
10345031,221
10345032,214
10345033,144
10345621,69
10345622,71
10345623,126
10345801,190
10345802,279
10345803,256
10346033,97
10346034,55
10346035,2
10346036,30
10346623,124
10346624,71
10346625,1
10346626,0
10346803,92
10346804,50
10346805,36
10346806,30
10347011,137
10347012,257
10347013,230
10347031,2
10347032,1
10347033,1
10347621,2
10347622,0
10347623,53
10347801,21
10347802,71
10347803,66
10348011,45
10348012,54
10348013,65
10348014,84
10348031,10
10348032,52
10348033,46
10348034,19
10348621,164
10348622,129
10348623,200
10348624,149
10349011,85
10349012,185
10349013,52
10349014,35
10349031,54
10349032,65
10349033,102
10349034,101
10349621,91
10349622,71
10349623,97
10349624,86
10350011,59
10350012,34
10350013,161
10350014,133
10350031,77
10350032,40
10350033,10
10350034,0
10350621,55
10350622,32
10350623,31
10350624,25
10351011,87
10351012,84
10351013,155
10351014,121
10351031,83
10351032,80
10351033,55
10351034,16
10351621,91
10351622,90
10351623,25
10351624,0
10352011,100
10352012,88
10352013,95
10352014,99
10352031,101
10352032,135
10352033,63
10352034,75
10352621,147
10352622,175
10352623,267
10352624,167
10352801,47
10352802,128
10352803,137
10352804,56
10353011,50
10353012,89
10353013,86
10353014,84
10353031,62
10353032,1
10353033,0
10353034,16
10353621,22
10353622,7
10353623,4
10353624,9
10353801,90
10353802,151
10353803,86
10353804,85
10354011,153
10354012,223
10354013,200
10354014,148
10354031,89
10354032,255
10354033,89
10354034,83
10354621,79
10354622,69
10354623,61
10354624,88
10354801,37
10354802,28
10354803,15
10354804,23
10355011,69
10355012,99
10355013,101
10355014,67
10355031,57
10355032,158
10355033,185
10355034,73
10355621,87
10355622,215
10355623,243
10355624,114
10355801,71
10355802,42
10355803,47
10355804,84
10356031,0
10356032,0
10356033,0
10356034,0
10356621,0
10356622,0
10356623,0
10356624,0
10357031,1
10357032,0
10357033,11
10357034,18
10357621,3
10357622,1
10357623,26
10357624,31
10358031,0
10358032,0
10358033,0
10358034,0
10358621,0
10358622,0
10358623,0
10358624,0
10359014,16
10359015,2
10359016,27
10359017,32
10359034,13
10359035,11
10359036,16
10359037,32
10359624,67
10359625,51
10359626,61
10359627,116
10359804,58
10359805,16
10359806,48
10359807,85
10360013,53
10360014,36
10360015,62
10360016,21
10360033,28
10360034,57
10360035,47
10360036,47
10360623,32
10360624,36
10360625,41
10360626,24
10360803,93
10360804,83
10360805,77
10360806,68
10361041,47
10361042,150
10361043,78
10361561,21
10361562,56
10361563,2
10361651,211
10361652,195
10361653,140
10361661,64
10361662,20
10361663,0
10362041,4
10362042,2
10362043,0
10362561,2
10362562,9
10362563,25
10362651,224
10362652,191
10362653,212
10362661,93
10362662,15
10362663,36
10363043,12
10363044,33
10363045,24
10363046,53
10363563,128
10363564,100
10363565,79
10363566,107
10363653,53
10363654,66
10363655,79
10363656,112
10363663,66
10363664,116
10363665,106
10363666,121
10364011,0
10364012,0
10364013,0
10364031,141
10364032,225
10364033,130
10364621,0
10364622,0
10364623,0
10364801,0
10364802,0
10364803,0
10365011,129
10365012,40
10365013,53
10365031,86
10365032,82
10365033,41
10365621,110
10365622,180
10365623,174
10366011,104
10366012,111
10366013,44
10366031,198
10366032,260
10366033,244
10366621,98
10366622,124
10366623,124
10366801,83
10366802,145
10366803,59
10367011,75
10367012,4
10367013,98
10367014,174
10367031,42
10367032,72
10367033,112
10367034,60
10367551,38
10367552,74
10367553,20
10367554,55
10367621,154
10367622,85
10367623,129
10367624,103
10368011,0
10368012,14
10368013,58
10368014,0
10368031,108
10368032,205
10368033,109
10368034,93
10368551,161
10368552,305
10368553,212
10368554,160
10368621,27
10368622,61
10368623,74
10368624,48
10368801,118
10368802,330
10368803,149
10368804,38
10369013,49
10369014,51
10369015,49
10369016,50
10369033,49
10369034,49
10369035,49
10369036,50
10369553,58
10369554,59
10369555,60
10369556,60
10369803,59
10369804,60
10369805,60
10369806,60
10370013,61
10370014,0
10370015,27
10370016,34
10370033,48
10370034,56
10370035,42
10370036,20
10370623,30
10370624,34
10370625,0
10370626,15
10370803,53
10370804,28
10370805,34
10370806,32
10371014,31
10371015,12
10371016,9
10371017,13
10371034,30
10371035,12
10371036,6
10371037,13
10371624,31
10371625,11
10371626,7
10371627,13
10371804,39
10371805,24
10371806,21
10371807,26
10372014,112
10372015,99
10372016,103
10372017,97
10372034,121
10372035,42
10372036,49
10372037,64
10372624,75
10372625,75
10372626,56
10372627,55
10373031,5
10373032,37
10373033,0
10373621,1
10373622,18
10373623,0
10373801,18
10373802,4
10373803,42
10374034,0
10374035,0
10374036,0
10374037,0
10374624,0
10374625,0
10374626,0
10374627,0
10374804,50
10374805,48
10374806,50
10374807,49
10375031,42
10375032,51
10375033,43
10375621,7
10375622,26
10375623,4
10375801,121
10375802,189
10375803,119
10376031,0
10376032,0
10376033,0
10376621,0
10376622,0
10376623,0
10376801,2
10376802,1
10376803,1
10377031,0
10377032,0
10377033,0
10377034,0
10377621,0
10377622,0
10377623,0
10377624,0
10378031,0
10378032,0
10378033,0
10378036,0
10378451,0
10378452,0
10378453,0
10378456,0
10378621,0
10378622,0
10378623,0
10378626,0
10379011,93
10379012,96
10379013,99
10379014,44
10379031,96
10379032,87
10379033,82
10379034,35
10379621,55
10379622,25
10379623,25
10379624,3
10379801,103
10379802,117
10379803,29
10379804,152
10380011,433
10380012,614
10380013,525
10380031,328
10380032,471
10380033,532
10380041,395
10380042,496
10380043,152
10380551,534
10380552,548
10380553,555
10380621,340
10380622,529
10380623,587
10380811,303
10380812,471
10380813,530
10381131,103
10381132,156
10381133,48
10381161,108
10381162,151
10381163,82
10381371,102
10381372,141
10381373,68
10381381,114
10381382,157
10381383,86
10381391,114
10381392,155
10381393,77
10382131,84
10382132,84
10382133,68
10382161,245
10382162,130
10382163,104
10382371,79
10382372,42
10382373,58
10382381,108
10382382,116
10382383,147
10382391,94
10382392,75
10382393,60
10384131,91
10384132,176
10384133,530
10384134,94
10384161,137
10384162,126
10384163,126
10384164,67
10384371,121
10384372,82
10384373,465
10384374,287
10384381,79
10384382,157
10384383,131
10384384,83
10384391,91
10384392,93
10384393,77
10384394,145
10385011,97
10385012,170
10385013,94
10385031,413
10385032,229
10385033,222
10385471,97
10385472,6
10385473,95
10385621,585
10385622,423
10385623,314
10385801,169
10385802,150
10385803,305
10386011,230
10386012,259
10386013,284
10386031,160
10386032,332
10386033,295
10386471,144
10386472,25
10386473,53
10386621,296
10386622,476
10386623,365
10386801,337
10386802,442
10386803,374
10387011,133
10387012,10
10387013,309
10387031,181
10387032,689
10387033,18
10387471,161
10387472,269
10387473,134
10387621,466
10387622,608
10387623,442
10387801,43
10387802,49
10387803,187
10388131,69
10388132,67
10388133,134
10388161,180
10388162,80
10388163,71
10388371,100
10388372,220
10388373,87
10388381,91
10388382,63
10388383,137
10388391,142
10388392,6
10388393,105
10389011,0
10389012,0
10389013,0
10389031,0
10389032,0
10389033,0
10389471,0
10389472,0
10389473,0
10389621,0
10389622,0
10389623,0
10390012,0
10390013,0
10390014,0
10390015,0
10390032,0
10390033,0
10390034,0
10390035,0
10390042,0
10390043,0
10390044,0
10390045,0
10390092,0
10390093,0
10390094,0
10390095,0
10390622,0
10390623,0
10390624,0
10390625,0
10391013,0
10391014,0
10391015,0
10391016,0
10391033,0
10391034,0
10391035,0
10391036,0
10391103,0
10391104,0
10391105,0
10391106,0
10392013,0
10392014,0
10392015,0
10392016,0
10392017,0
10392123,0
10392124,0
10392125,0
10392126,0
10392127,0
10392483,0
10392484,0
10392485,0
10392486,0
10392487,0
10392753,0
10392754,0
10392755,0
10392756,0
10392757,0
10392853,0
10392854,0
10392855,0
10392856,0
10392857,0
10393013,0
10393014,0
10393015,0
10393016,0
10393017,0
10393123,0
10393124,0
10393125,0
10393126,0
10393127,0
10393483,0
10393484,0
10393485,0
10393486,0
10393487,0
10393753,0
10393754,0
10393755,0
10393756,0
10393757,0
10393853,0
10393854,0
10393855,0
10393856,0
10393857,0
10394292,0
10394293,0
10394294,0
10394392,0
10394393,0
10394394,0
10394762,0
10394763,0
10394764,0
10395294,0
10395295,0
10395296,0
10395297,0
10395298,0
10395394,0
10395395,0
10395396,0
10395397,0
10395398,0
10395764,0
10395765,0
10395766,0
10395767,0
10395768,0
10396012,0
10396013,0
10396014,0
10396122,0
10396123,0
10396124,0
10396152,0
10396153,0
10396154,0
11272017,0
11272018,0
11272037,0
11272038,0
11272047,0
11272048,0
11288014,0
11288015,0
11288016,0
11288034,0
11288035,0
11288036,0
11288074,0
11288075,0
11288076,0
11288434,0
11288435,0
11288436,0
11288554,0
11288555,0
11288556,0
11288804,0
11288805,0
11288806,0
11332016,0
11332017,0
11332036,0
11332037,0
11332436,0
11332437,0
11332626,0
11332627,0
11332806,0
11332807,0
11360017,0
11360018,0
11360037,0
11360038,0
11360627,0
11360628,0
AC01001,0
B001011,0
B001012,0
B001013,0
B001014,0
B001031,0
B001032,0
B001033,0
B001034,0
B001121,0
B001122,0
B001123,0
B001124,0
B001151,0
B001152,0
B001153,0
B001154,0
B001231,0
B001232,0
B001233,0
B001234,0
B001261,0
B001262,0
B001263,0
B001264,0
B001411,0
B001412,0
B001413,0
B001414,0
B001491,0
B001492,0
B001493,0
B001494,0
B002011,0
B002012,0
B002013,0
B002014,0
B002031,0
B002032,0
B002033,0
B002034,0
B002051,0
B002052,0
B002053,0
B002054,0
B002121,0
B002122,0
B002123,0
B002124,0
B002361,0
B002362,0
B002363,0
B002364,0
B003011,0
B003012,0
B003013,0
B003014,0
B003031,0
B003032,0
B003033,0
B003034,0
B003051,0
B003052,0
B003053,0
B003054,0
B003121,0
B003122,0
B003123,0
B003124,0
B003341,0
B003342,0
B003343,0
B003344,0
B004014,0
B004015,0
B004016,0
B004017,0
B004018,0
B004104,0
B004105,0
B004106,0
B004107,0
B004108,0
B004234,0
B004235,0
B004236,0
B004237,0
B004238,0
B004344,0
B004345,0
B004346,0
B004347,0
B004348,0
B004354,0
B004355,0
B004356,0
B004357,0
B004358,0
B005011,0
B005012,0
B005013,0
B005014,0
B005101,0
B005102,0
B005103,0
B005104,0
B005221,0
B005222,0
B005223,0
B005224,0
B005261,0
B005262,0
B005263,0
B005264,0
B005361,0
B005362,0
B005363,0
B005364,0
B006011,0
B006012,0
B006013,0
B006014,0
B006031,0
B006032,0
B006033,0
B006034,0
B006221,0
B006222,0
B006223,0
B006224,0
B006261,0
B006262,0
B006263,0
B006264,0
B006301,0
B006302,0
B006303,0
B006304,0
B007011,103
B007012,21
B007013,30
B007014,56
B008011,0
B008012,0
B008013,0
B008014,0
B008051,0
B008052,0
B008053,0
B008054,0
B008071,0
B008072,0
B008073,0
B008074,0
B008351,0
B008352,0
B008353,0
B008354,0
B008361,0
B008362,0
B008363,0
B008364,0
B009102,0
B009103,0
B009104,0
B009105,0
B009106,0
B009107,0
B009108,0
B009232,0
B009233,0
B009234,0
B009235,0
B009236,0
B009237,0
B009238,0
B009262,0
B009263,0
B009264,0
B009265,0
B009266,0
B009267,0
B009268,0
B009342,0
B009343,0
B009344,0
B009345,0
B009346,0
B009347,0
B009348,0
B009362,0
B009363,0
B009364,0
B009365,0
B009366,0
B009367,0
B009368,0
B010031,0
B010032,0
B010033,0
B010034,0
B010131,0
B010132,0
B010133,0
B010134,0
B010221,0
B010222,0
B010223,0
B010224,0
B010261,0
B010262,0
B010263,0
B010264,0
B010301,0
B010302,0
B010303,0
B010304,0
B011011,0
B011012,0
B011013,0
B011014,0
B011071,0
B011072,0
B011073,0
B011074,0
B011221,0
B011222,0
B011223,0
B011224,0
B011261,0
B011262,0
B011263,0
B011264,0
B011301,0
B011302,0
B011303,0
B011304,0
B012011,0
B012012,0
B012013,0
B012014,0
B012071,0
B012072,0
B012073,0
B012074,0
B012221,0
B012222,0
B012223,0
B012224,0
B012261,0
B012262,0
B012263,0
B012264,0
B012301,0
B012302,0
B012303,0
B012304,0
B012341,0
B012342,0
B012343,0
B012344,0
B012361,0
B012362,0
B012363,0
B012364,0
B013011,0
B013012,0
B013013,0
B013014,0
B013071,0
B013072,0
B013073,0
B013074,0
B013221,0
B013222,0
B013223,0
B013224,0
B013261,0
B013262,0
B013263,0
B013264,0
B013301,0
B013302,0
B013303,0
B013304,0
B013341,0
B013342,0
B013343,0
B013344,0
B013361,0
B013362,0
B013363,0
B013364,0
B014011,0
B014012,0
B014013,0
B014341,0
B014342,0
B014343,0
B014351,0
B014352,0
B014353,0
B015011,0
B015012,0
B015013,0
B015014,0
B015031,0
B015032,0
B015033,0
B015034,0
B015221,0
B015222,0
B015223,0
B015224,0
B015231,0
B015232,0
B015233,0
B015234,0
B015301,0
B015302,0
B015303,0
B015304,0
B015341,0
B015342,0
B015343,0
B015344,0
B016011,0
B016012,0
B016013,0
B016014,0
B016161,0
B016162,0
B016163,0
B016164,0
B016221,0
B016222,0
B016223,0
B016224,0
B016261,0
B016262,0
B016263,0
B016264,0
B016301,0
B016302,0
B016303,0
B016304,0
B016341,0
B016342,0
B016343,0
B016344,0
B017011,0
B017012,0
B017013,0
B017014,0
B017031,0
B017032,0
B017033,0
B017034,0
B017101,0
B017102,0
B017103,0
B017104,0
B017341,0
B017342,0
B017343,0
B017344,0
B017431,0
B017432,0
B017433,0
B017434,0
B018011,0
B018012,0
B018013,0
B018014,0
B018031,0
B018032,0
B018033,0
B018034,0
B018101,0
B018102,0
B018103,0
B018104,0
B018221,0
B018222,0
B018223,0
B018224,0
B018231,0
B018232,0
B018233,0
B018234,0
B018261,0
B018262,0
B018263,0
B018264,0
B018431,0
B018432,0
B018433,0
B018434,0
B019011,0
B019012,0
B019013,0
B019014,0
B019161,0
B019162,0
B019163,0
B019164,0
B019221,0
B019222,0
B019223,0
B019224,0
B019231,0
B019232,0
B019233,0
B019234,0
B019261,0
B019262,0
B019263,0
B019264,0
B020011,0
B020012,0
B020013,0
B020014,0
B020101,0
B020102,0
B020103,0
B020104,0
B020151,0
B020152,0
B020153,0
B020154,0
B020231,0
B020232,0
B020233,0
B020234,0
B020351,0
B020352,0
B020353,0
B020354,0
B020411,0
B020412,0
B020413,0
B020414,0
B021011,0
B021012,0
B021013,0
B021014,0
B021031,0
B021032,0
B021033,0
B021034,0
B021221,0
B021222,0
B021223,0
B021224,0
B021231,0
B021232,0
B021233,0
B021234,0
B021341,0
B021342,0
B021343,0
B021344,0
B022011,0
B022012,0
B022013,0
B022014,0
B022031,0
B022032,0
B022033,0
B022034,0
B022231,0
B022232,0
B022233,0
B022234,0
B022341,0
B022342,0
B022343,0
B022344,0
B022351,0
B022352,0
B022353,0
B022354,0
B023031,0
B023032,0
B023033,0
B023034,0
B023221,0
B023222,0
B023223,0
B023224,0
B023231,0
B023232,0
B023233,0
B023234,0
B023341,0
B023342,0
B023343,0
B023344,0
B023351,0
B023352,0
B023353,0
B023354,0
B024011,0
B024012,0
B024013,0
B024014,0
B024031,0
B024032,0
B024033,0
B024034,0
B024071,0
B024072,0
B024073,0
B024074,0
B024221,0
B024222,0
B024223,0
B024224,0
B024231,0
B024232,0
B024233,0
B024234,0
B024331,0
B024332,0
B024333,0
B024334,0
B024351,0
B024352,0
B024353,0
B024354,0
B025011,0
B025012,0
B025013,0
B025014,0
B025101,0
B025102,0
B025103,0
B025104,0
B025231,0
B025232,0
B025233,0
B025234,0
B025301,0
B025302,0
B025303,0
B025304,0
B025341,0
B025342,0
B025343,0
B025344,0
B025351,0
B025352,0
B025353,0
B025354,0
B026011,0
B026012,0
B026013,0
B026014,0
B026101,0
B026102,0
B026103,0
B026104,0
B026221,0
B026222,0
B026223,0
B026224,0
B026231,0
B026232,0
B026233,0
B026234,0
B026301,0
B026302,0
B026303,0
B026304,0
B026341,0
B026342,0
B026343,0
B026344,0
B027011,0
B027012,0
B027013,0
B027014,0
B027221,0
B027222,0
B027223,0
B027224,0
B027231,0
B027232,0
B027233,0
B027234,0
B027301,0
B027302,0
B027303,0
B027304,0
B027341,0
B027342,0
B027343,0
B027344,0
B027351,0
B027352,0
B027353,0
B027354,0
B028011,0
B028012,0
B028013,0
B028014,0
B028221,0
B028222,0
B028223,0
B028224,0
B028231,0
B028232,0
B028233,0
B028234,0
B028301,0
B028302,0
B028303,0
B028304,0
B028341,0
B028342,0
B028343,0
B028344,0
B028351,0
B028352,0
B028353,0
B028354,0
B029011,0
B029012,0
B029013,0
B029014,0
B029031,0
B029032,0
B029033,0
B029034,0
B029221,0
B029222,0
B029223,0
B029224,0
B029231,0
B029232,0
B029233,0
B029234,0
B029341,0
B029342,0
B029343,0
B029344,0
B029351,0
B029352,0
B029353,0
B029354,0
B030011,0
B030012,0
B030013,0
B030014,0
B030031,0
B030032,0
B030033,0
B030034,0
B030101,0
B030102,0
B030103,0
B030104,0
B030341,0
B030342,0
B030343,0
B030344,0
B030431,0
B030432,0
B030433,0
B030434,0
B031011,0
B031012,0
B031013,0
B031014,0
B031031,0
B031032,0
B031033,0
B031034,0
B031041,0
B031042,0
B031043,0
B031044,0
B031101,0
B031102,0
B031103,0
B031104,0
B031431,0
B031432,0
B031433,0
B031434,0
B032011,0
B032012,0
B032013,0
B032014,0
B032031,0
B032032,0
B032033,0
B032034,0
B032101,0
B032102,0
B032103,0
B032104,0
B032231,0
B032232,0
B032233,0
B032234,0
B032341,0
B032342,0
B032343,0
B032344,0
B032351,0
B032352,0
B032353,0
B032354,0
B033012,0
B033013,0
B033014,0
B033015,0
B033016,0
B033017,0
B033018,0
B033052,0
B033053,0
B033054,0
B033055,0
B033056,0
B033057,0
B033058,0
B033102,0
B033103,0
B033104,0
B033105,0
B033106,0
B033107,0
B033108,0
B033232,0
B033233,0
B033234,0
B033235,0
B033236,0
B033237,0
B033238,0
B033352,0
B033353,0
B033354,0
B033355,0
B033356,0
B033357,0
B033358,0
B034011,0
B034012,0
B034013,0
B034014,0
B034031,0
B034032,0
B034033,0
B034034,0
B034231,0
B034232,0
B034233,0
B034234,0
B034341,0
B034342,0
B034343,0
B034344,0
B034431,0
B034432,0
B034433,0
B034434,0
B035011,0
B035012,0
B035013,0
B035014,0
B035031,0
B035032,0
B035033,0
B035034,0
B035101,0
B035102,0
B035103,0
B035104,0
B035341,0
B035342,0
B035343,0
B035344,0
B035431,0
B035432,0
B035433,0
B035434,0
B036011,0
B036012,0
B036013,0
B036014,0
B036031,0
B036032,0
B036033,0
B036034,0
B036101,0
B036102,0
B036103,0
B036104,0
B036231,0
B036232,0
B036233,0
B036234,0
B036461,0
B036462,0
B036463,0
B036464,0
B037011,0
B037012,0
B037013,0
B037014,0
B037041,0
B037042,0
B037043,0
B037044,0
B037161,0
B037162,0
B037163,0
B037164,0
B037231,0
B037232,0
B037233,0
B037234,0
B038012,0
B038013,0
B038014,0
B038015,0
B038016,0
B038017,0
B038232,0
B038233,0
B038234,0
B038235,0
B038236,0
B038237,0
B038352,0
B038353,0
B038354,0
B038355,0
B038356,0
B038357,0
B038362,0
B038363,0
B038364,0
B038365,0
B038366,0
B038367,0
B038462,0
B038463,0
B038464,0
B038465,0
B038466,0
B038467,0
B039011,0
B039012,0
B039013,0
B039014,0
B039031,0
B039032,0
B039033,0
B039034,0
B039231,0
B039232,0
B039233,0
B039234,0
B039431,0
B039432,0
B039433,0
B039434,0
B039461,0
B039462,0
B039463,0
B039464,0
B040011,0
B040012,0
B040013,0
B040014,0
B040031,0
B040032,0
B040033,0
B040034,0
B040231,0
B040232,0
B040233,0
B040234,0
B040431,0
B040432,0
B040433,0
B040434,0
B041031,6
B041032,0
B041033,0
B041034,0
B041041,74
B041042,102
B041043,89
B041044,38
B041431,20
B041432,3
B041433,0
B041434,0
B042031,0
B042032,0
B042033,0
B042034,0
B042041,0
B042042,0
B042043,0
B042044,0
B042231,0
B042232,0
B042233,0
B042234,0
B042431,0
B042432,0
B042433,0
B042434,0
B043011,0
B043012,0
B043013,0
B043014,0
B043051,0
B043052,0
B043053,0
B043054,0
B043161,0
B043162,0
B043163,0
B043164,0
B043431,0
B043432,0
B043433,0
B043434,0
B044011,0
B044012,0
B044013,0
B044014,0
B044031,0
B044032,0
B044033,0
B044034,0
B044231,0
B044232,0
B044233,0
B044234,0
B044431,0
B044432,0
B044433,0
B044434,0
B044461,0
B044462,0
B044463,0
B044464,0
B045031,0
B045032,0
B045033,0
B045034,0
B045051,0
B045052,0
B045053,0
B045054,0
B045261,0
B045262,0
B045263,0
B045264,0
B045431,0
B045432,0
B045433,0
B045434,0
B046031,0
B046032,0
B046033,0
B046231,0
B046232,0
B046233,0
B047012,0
B047013,0
B047014,0
B047015,0
B047016,0
B047017,0
B047018,0
B047042,0
B047043,0
B047044,0
B047045,0
B047046,0
B047047,0
B047048,0
B047082,0
B047083,0
B047084,0
B047085,0
B047086,0
B047087,0
B047088,0
B047102,0
B047103,0
B047104,0
B047105,0
B047106,0
B047107,0
B047108,0
B047122,0
B047123,0
B047124,0
B047125,0
B047126,0
B047127,0
B047128,0
B047232,0
B047233,0
B047234,0
B047235,0
B047236,0
B047237,0
B047238,0
B047432,0
B047433,0
B047434,0
B047435,0
B047436,0
B047437,0
B047438,0
B048012,0
B048013,0
B048014,0
B048015,0
B048016,0
B048017,0
B048042,0
B048043,0
B048044,0
B048045,0
B048046,0
B048047,0
B048052,0
B048053,0
B048054,0
B048055,0
B048056,0
B048057,0
B048232,0
B048233,0
B048234,0
B048235,0
B048236,0
B048237,0
B048462,0
B048463,0
B048464,0
B048465,0
B048466,0
B048467,0
B049011,0
B049012,0
B049013,0
B049014,0
B049031,0
B049032,0
B049033,0
B049034,0
B049311,0
B049312,0
B049313,0
B049314,0
B049431,0
B049432,0
B049433,0
B049434,0
B050031,0
B050032,0
B050033,0
B050034,0
B050041,0
B050042,0
B050043,0
B050044,0
B050231,0
B050232,0
B050233,0
B050234,0
B050461,0
B050462,0
B050463,0
B050464,0
B051031,0
B051032,0
B051033,1
B051034,8
B051231,0
B051232,0
B051233,0
B051234,19
B051431,17
B051432,0
B051433,0
B051434,22
B051531,0
B051532,0
B051533,0
B051534,0
B052011,0
B052012,0
B052013,0
B052014,0
B052031,0
B052032,0
B052033,0
B052034,0
B052101,0
B052102,0
B052103,0
B052104,0
B052431,0
B052432,0
B052433,0
B052434,0
B052531,0
B052532,0
B052533,0
B052534,0
B054011,0
B054012,0
B054013,0
B054014,0
B054016,0
B054031,0
B054032,0
B054033,0
B054034,0
B054036,0
B054041,0
B054042,0
B054043,0
B054044,0
B054431,0
B054432,0
B054433,0
B054434,0
B056031,0
B056032,0
B056033,0
B056034,0
B056041,0
B056042,0
B056043,0
B056044,0
B056231,0
B056232,0
B056233,0
B056234,0
B056331,0
B056332,0
B056333,0
B056334,0
B056461,0
B056462,0
B056463,0
B056464,0
B057011,0
B057012,0
B057013,0
B057014,0
B057031,0
B057032,0
B057033,0
B057034,0
B057041,0
B057042,0
B057043,0
B057044,0
B057431,0
B057432,0
B057433,0
B057434,0
B058031,0
B058032,0
B058033,0
B058034,0
B058041,0
B058042,0
B058043,0
B058044,0
B058101,0
B058102,0
B058103,0
B058104,0
B058431,0
B058432,0
B058433,0
B058434,0
B059011,0
B059012,0
B059013,0
B059014,0
B059031,0
B059032,0
B059033,0
B059034,0
B059041,0
B059042,0
B059043,0
B059044,0
B059431,0
B059432,0
B059433,0
B059434,0
B060031,51
B060032,0
B060033,0
B060034,15
B060041,54
B060042,0
B060043,0
B060044,0
B060431,52
B060432,0
B060433,0
B060434,18
B060531,52
B060532,0
B060533,0
B060534,2
B060611,0
B060612,0
B060613,0
B060614,0
B060671,0
B060672,0
B060673,0
B060674,0
B061011,0
B061012,0
B061013,0
B061014,0
B061031,0
B061032,0
B061033,0
B061034,0
B061101,0
B061102,0
B061103,0
B061104,0
B061431,0
B061432,0
B061433,0
B061434,0
B062011,0
B062012,0
B062013,0
B062014,0
B062031,0
B062032,0
B062033,0
B062034,0
B062041,0
B062042,0
B062043,0
B062044,0
B062431,0
B062432,0
B062433,0
B062434,0
B063031,0
B063032,0
B063033,0
B063034,0
B063041,0
B063042,0
B063043,0
B063044,0
B063431,0
B063432,0
B063433,0
B063434,0
B063611,0
B063612,0
B063613,0
B063614,0
B063671,0
B063672,0
B063673,0
B063674,0
B064031,2
B064032,0
B064033,0
B064034,0
B064041,15
B064042,0
B064043,0
B064044,0
B064431,18
B064432,0
B064433,0
B064434,17
B064531,29
B064532,0
B064533,0
B064534,13
B064611,0
B064612,0
B064613,0
B064614,0
B064671,0
B064672,0
B064673,0
B064674,0
B065031,0
B065032,0
B065033,0
B065034,0
B065231,0
B065232,0
B065233,0
B065234,0
B065431,0
B065432,0
B065433,0
B065434,0
B065531,0
B065532,0
B065533,0
B065534,0
B066012,0
B066013,0
B066014,0
B066015,0
B066162,0
B066163,0
B066164,0
B066165,0
B066272,0
B066273,0
B066274,0
B066275,0
B066312,0
B066313,0
B066314,0
B066315,0
B067014,0
B067015,0
B067016,0
B067017,0
B067044,0
B067045,0
B067046,0
B067047,0
B067434,0
B067435,0
B067436,0
B067437,0
B067464,0
B067465,0
B067466,0
B067467,0
B068012,0
B068013,0
B068014,0
B068015,0
B068272,0
B068273,0
B068274,0
B068275,0
B068312,0
B068313,0
B068314,0
B068315,0
B068352,0
B068353,0
B068354,0
B068355,0
B069011,0
B069012,0
B069013,0
B069014,0
B069031,0
B069032,0
B069033,0
B069034,0
B069101,0
B069102,0
B069103,0
B069104,0
B069211,0
B069212,0
B069213,0
B069214,0
B069351,0
B069352,0
B069353,0
B069354,0
B069431,0
B069432,0
B069433,0
B069434,0
B070011,63
B070012,13
B070013,27
B070014,33
B070031,54
B070032,30
B070033,28
B070034,66
B070041,11
B070042,11
B070043,5
B070044,19
B070101,75
B070102,0
B070103,0
B070104,40
B070431,4
B070432,0
B070433,0
B070434,0
B071011,0
B071012,0
B071013,0
B071014,0
B071031,0
B071032,0
B071033,0
B071034,0
B071041,0
B071042,0
B071043,0
B071044,0
B071431,0
B071432,0
B071433,0
B071434,1
B072031,22
B072032,0
B072033,0
B072034,0
B072041,26
B072042,0
B072043,0
B072044,12
B072211,18
B072212,0
B072213,0
B072214,0
B072431,11
B072432,0
B072433,0
B072434,0
B072671,0
B072672,0
B072673,0
B072674,0
B073015,4
B073016,0
B073017,0
B073018,0
B073045,0
B073046,0
B073047,0
B073048,0
B073165,1
B073166,0
B073167,0
B073168,0
B073235,0
B073236,0
B073237,0
B073238,0
B073435,0
B073436,0
B073437,0
B073438,0
B073465,0
B073466,0
B073467,0
B073468,0
B074011,78
B074012,33
B074013,38
B074014,129
B074031,47
B074032,0
B074033,0
B074034,28
B074041,46
B074042,15
B074043,16
B074044,30
B074101,18
B074102,31
B074103,11
B074104,27
B074231,33
B074232,36
B074233,19
B074234,67
B074431,0
B074432,0
B074433,0
B074434,0
B074441,82
B074442,42
B074443,19
B074444,63
B074461,63
B074462,53
B074463,51
B074464,9
B074721,73
B074722,26
B074723,45
B074724,44
B075011,4
B075012,0
B075013,0
B075031,4
B075032,0
B075033,0
B075041,4
B075042,0
B075043,0
B075431,0
B075432,0
B075433,0
B076015,1
B076016,0
B076017,0
B076018,16
B076035,58
B076036,10
B076037,12
B076038,25
B076045,49
B076046,44
B076047,0
B076048,10
B076105,33
B076106,13
B076107,9
B076108,0
B076235,6
B076236,0
B076237,40
B076238,30
B076435,21
B076436,92
B076437,3
B076438,20
B077042,18
B077043,37
B077044,23
B077045,12
B077102,0
B077103,54
B077104,60
B077105,18
B077232,52
B077233,59
B077234,56
B077235,58
B077732,0
B077733,0
B077734,0
B077735,0
B077812,48
B077813,58
B077814,58
B077815,61
B078035,0
B078036,0
B078037,5
B078038,6
B078045,0
B078046,0
B078047,0
B078048,0
B078105,0
B078106,0
B078107,1
B078108,0
B078435,39
B078436,24
B078437,36
B078438,35
B078535,49
B078536,44
B078537,50
B078538,42
B078735,0
B078736,0
B078737,0
B078738,0
B079031,53
B079032,0
B079033,0
B079034,1
B079041,19
B079042,0
B079043,0
B079044,0
B079101,0
B079102,0
B079103,0
B079104,0
B079431,15
B079432,0
B079433,0
B079434,0
B080031,1
B080032,0
B080033,0
B080034,0
B080041,7
B080042,0
B080043,0
B080044,38
B080101,11
B080102,0
B080103,0
B080104,0
B080431,18
B080432,0
B080433,0
B080434,8
B081031,0
B081032,0
B081033,0
B081034,0
B081041,0
B081042,0
B081043,0
B081044,0
B081101,0
B081102,0
B081103,0
B081104,0
B081431,0
B081432,0
B081433,0
B081434,0
B082041,0
B082042,0
B082043,0
B082044,0
B082211,0
B082212,0
B082213,0
B082214,0
B082431,0
B082432,0
B082433,0
B082434,0
B082671,0
B082672,0
B082673,0
B082674,0
B083031,24
B083032,0
B083033,0
B083034,10
B083041,3
B083042,0
B083043,0
B083044,0
B083431,16
B083432,0
B083433,0
B083434,3
B083531,1
B083532,0
B083533,0
B083534,0
B084043,0
B084044,0
B084045,0
B084046,0
B084047,0
B084048,0
B084103,0
B084104,0
B084105,0
B084106,0
B084107,0
B084108,0
B084433,0
B084434,0
B084435,0
B084436,0
B084437,0
B084438,0
B084733,0
B084734,0
B084735,0
B084736,0
B084737,0
B084738,0
B085011,18
B085012,1
B085013,38
B085014,3
B085031,5
B085032,0
B085033,1
B085034,2
B085041,12
B085042,0
B085043,2
B085044,2
B085671,11
B085672,0
B085673,0
B085674,2
B086012,56
B086013,77
B086014,55
B086015,69
B086016,68
B086017,43
C001251,0
CM10252,0
CM10253,0
CM10254,0
CM10255,0
CM10256,0
CM10257,0
D001251,649
D001252,101
D001253,27
D001254,0
D001255,0
D002252,247
D002253,226
D002254,230
D002255,185
D002256,175
D002257,7
D002258,1
D003251,0
D003252,0
D003253,799
D003254,282
D003255,73
D003256,123
D003257,19
D003258,0
D004251,0
D004252,0
D004253,0
D004254,0
D004255,0
D005251,907
D005252,273
D005253,30
D005254,1397
D005255,487
D006251,435
D006252,4
D006253,21
D006254,1
D006255,0
D007251,154
D007252,163
D007253,17
D008251,0
D008252,0
D008253,0
D008254,0
D008255,0
D008256,15
D008257,0
E001032,0
E001033,0
E001802,5
E001803,34
EXT01011,0
EXT01021,0
EXT01031,0
EXT01041,0
EXT01051,0
EXT01071,0
EXT01091,0
EXT01101,0
EXT01121,0
EXT01181,0
EXT01191,0
EXT01211,0
EXT01231,0
EXT01261,0
EXT01291,0
EXT01321,0
EXT01331,0
EXT01431,0
EXT01441,0
EXT01551,0
EXT01561,0
EXT01601,0
EXT01621,2
EXT01641,0
EXT01651,0
EXT01661,0
EXT01681,0
EXT01801,3
EXT01811,0
EXT02011,1
EXT02021,0
EXT02031,0
EXT02041,0
EXT02051,0
EXT02071,0
EXT02091,0
EXT02101,0
EXT02121,0
EXT02181,0
EXT02191,0
EXT02211,0
EXT02231,0
EXT02261,0
EXT02291,0
EXT02321,0
EXT02331,0
EXT02431,0
EXT02441,0
EXT02551,0
EXT02561,0
EXT02601,0
EXT02621,0
EXT02641,0
EXT02651,0
EXT02661,0
EXT02681,0
EXT02801,0
EXT02811,0
EXT03011,2
EXT03021,0
EXT03031,0
EXT03041,0
EXT03051,0
EXT03071,0
EXT03091,0
EXT03101,0
EXT03121,0
EXT03181,0
EXT03191,0
EXT03211,0
EXT03231,0
EXT03261,0
EXT03291,0
EXT03321,0
EXT03331,0
EXT03431,0
EXT03441,0
EXT03551,3
EXT03561,0
EXT03601,0
EXT03621,0
EXT03641,0
EXT03651,0
EXT03661,0
EXT03681,0
EXT03801,0
EXT03811,5
GAS01001,0
JX001012,42
JX001013,25
JX001014,20
JX001015,20
JX001042,14
JX001043,8
JX001044,8
JX001045,0
JX001102,0
JX001103,0
JX001104,0
JX001105,0
JX001232,29
JX001233,39
JX001234,29
JX001235,31
JX001302,15
JX001303,9
JX001304,6
JX001305,0
JX001432,17
JX001433,15
JX001434,14
JX001435,4
JX001462,21
JX001463,12
JX001464,11
JX001465,0
JX001532,12
JX001533,4
JX001534,13
JX001535,0
JX002016,22
JX002017,0
JX002018,0
JX002046,0
JX002047,0
JX002048,0
JX002106,0
JX002107,0
JX002108,0
JX002236,24
JX002237,0
JX002238,0
JX002306,1
JX002307,0
JX002308,0
JX002436,2
JX002437,0
JX002438,0
JX002466,6
JX002467,0
JX002468,0
JX002536,1
JX002537,0
JX002538,0
JX003032,0
JX003033,0
JX003034,0
JX003035,0
JX003042,0
JX003043,0
JX003044,0
JX003045,0
JX003432,0
JX003433,0
JX003434,0
JX003435,0
JX004032,0
JX004033,0
JX004034,0
JX004035,0
JX004042,0
JX004043,0
JX004044,0
JX004045,0
JX004432,0
JX004433,0
JX004434,0
JX004435,0
MAQ0100001,0
O001001,0
O002001,0
O003001,0
O004001,0
P001013,0
P001014,0
P001015,0
P001016,0
P001017,0
P001018,0
P002013,0
P002014,0
P002015,0
P002016,0
P002017,0
P002018,0
RL009011,0
RL010011,178
RL010012,260
RL010013,248
RL010031,257
RL010032,254
RL010033,210
RL010041,142
RL010042,234
RL010043,238
RL010551,84
RL010552,183
RL010553,176
RL011011,80
RL011012,223
RL011013,263
RL011031,180
RL011032,166
RL011033,162
RL011041,54
RL011042,162
RL011043,102
RL011551,162
RL011552,102
RL011553,27
RL012011,350
RL012012,533
RL012013,563
RL012031,333
RL012032,562
RL012033,464
RL012041,362
RL012042,397
RL012043,449
RL012101,227
RL012102,189
RL012103,179
RL012621,128
RL012622,204
RL012623,239
RL250011,37
RL250012,140
RL250013,36
RL250021,1
RL250022,0
RL250023,0
RL250031,198
RL250032,124
RL250033,55
RL250431,51
RL250432,45
RL250433,1
RL250801,184
RL250802,236
RL250803,169
RL251014,53
RL251015,106
RL251024,0
RL251025,0
RL251034,0
RL251035,0
RL251434,0
RL251435,0
RL251804,0
RL251805,5
RL260011,43
RL260012,196
RL260013,225
RL260031,147
RL260032,265
RL260033,100
RL260071,743
RL260072,814
RL260073,682
RL260181,1
RL260182,0
RL260183,4
RL260261,127
RL260262,861
RL260263,138
RL260281,0
RL260282,0
RL260283,0
RL260551,12
RL260552,114
RL260553,138
RL260621,293
RL260622,419
RL260623,306
RL260681,0
RL260682,0
RL260683,0
RL270011,130
RL270012,210
RL270013,193
RL270021,86
RL270022,101
RL270023,43
RL270031,238
RL270032,255
RL270033,247
RL270041,0
RL270042,0
RL270043,0
RL270801,42
RL270802,12
RL270803,26
RL271011,200
RL271012,226
RL271013,121
RL271021,83
RL271022,225
RL271023,118
RL271031,198
RL271032,261
RL271033,233
RL271041,176
RL271042,307
RL271043,212
RL271191,0
RL271192,0
RL271193,0
RL271281,91
RL271282,74
RL271283,12
RL271431,35
RL271432,36
RL271433,75
RL271801,83
RL271802,123
RL271803,115
RL272014,0
RL272015,11
RL272024,0
RL272025,8
RL272034,0
RL272035,1
RL272804,0
RL272805,50
RL273014,98
RL273015,67
RL273024,92
RL273025,105
RL273034,41
RL273035,92
RL273044,130
RL273045,141
RL273194,0
RL273195,5
RL273284,0
RL273285,0
RL273434,31
RL273435,111
RL273804,148
RL273805,72
RL280011,108
RL280012,172
RL280013,71
RL280031,115
RL280032,57
RL280033,73
RL280101,104
RL280102,122
RL280103,26
RL280181,3
RL280182,0
RL280183,4
RL280191,1
RL280192,0
RL280193,0
RL280211,106
RL280212,0
RL280213,23
RL280281,0
RL280282,0
RL280283,0
RL280431,12
RL280432,3
RL280433,0
RL280551,86
RL280552,126
RL280553,40
RL280621,100
RL280622,132
RL280623,27
RL280801,33
RL280802,3
RL280803,125
RL281014,5
RL281015,86
RL281034,19
RL281035,85
RL281104,43
RL281105,60
RL281184,3
RL281185,40
RL281194,7
RL281195,57
RL281214,15
RL281215,57
RL281284,1
RL281285,53
RL281434,1
RL281435,86
RL281554,0
RL281555,99
RL281804,1
RL281805,16
RL290011,37
RL290012,0
RL290013,0
RL290031,34
RL290032,0
RL290033,0
RL290071,14
RL290072,0
RL290073,0
RL290181,93
RL290182,70
RL290183,104
RL290621,70
RL290622,0
RL290623,9
RL290681,42
RL290682,0
RL290683,0
RL291014,4
RL291015,28
RL291034,0
RL291035,34
RL291074,0
RL291075,28
RL291184,26
RL291185,62
RL291264,0
RL291265,0
RL291624,6
RL291625,37
RL291684,0
RL291685,0
RL300011,74
RL300012,1
RL300013,2
RL300031,6
RL300032,182
RL300033,222
RL300071,2
RL300072,5
RL300073,0
RL300101,180
RL300102,184
RL300103,111
RL300211,65
RL300212,65
RL300213,48
RL300281,5
RL300282,5
RL300283,6
RL300551,106
RL300552,153
RL300553,206
RL300621,62
RL300622,174
RL300623,62
RL300681,43
RL300682,39
RL300683,83
RL300801,273
RL300802,263
RL300803,224
RL300811,35
RL300812,4
RL300813,15
RL300831,54
RL300832,13
RL300833,15
RL310011,120
RL310012,16
RL310013,60
RL310031,135
RL310032,90
RL310033,93
RL310621,41
RL310622,0
RL310623,45
RL320011,171
RL320012,194
RL320013,115
RL320021,272
RL320022,465
RL320023,367
RL320031,206
RL320032,184
RL320033,221
RL320041,205
RL320042,305
RL320043,218
RL320071,75
RL320072,235
RL320073,126
RL320181,8
RL320182,0
RL320183,10
RL320261,0
RL320262,0
RL320263,0
RL320281,64
RL320282,1
RL320283,0
RL320551,277
RL320552,304
RL320553,311
RL320681,0
RL320682,0
RL320683,0
RL320811,249
RL320812,400
RL320813,373
RL320831,42
RL320832,0
RL320833,0
RL330011,0
RL330012,0
RL330013,0
RL330031,0
RL330032,0
RL330033,0
RL330071,0
RL330072,0
RL330073,0
RL330101,325
RL330102,0
RL330103,0
RL330221,1
RL330222,24
RL330223,0
RL340011,0
RL340012,0
RL340013,0
RL340031,0
RL340032,0
RL340033,0
RL340041,0
RL340042,0
RL340043,0
RL340071,0
RL340072,0
RL340073,0
RL340551,0
RL340552,0
RL340553,0
RL350011,7
RL350012,81
RL350013,89
RL350031,0
RL350032,0
RL350033,0
RL350041,0
RL350042,0
RL350043,0
RL350101,35
RL350102,77
RL350103,101
RL351011,1
RL351012,23
RL351013,0
RL351031,0
RL351032,0
RL351033,0
RL351041,2
RL351042,0
RL351043,0
RL351101,1
RL351102,19
RL351103,0
RL360011,0
RL360012,0
RL360013,0
RL360021,17
RL360022,0
RL360023,2
RL360031,5
RL360032,2
RL360033,3
RL370011,135
RL370012,0
RL370013,88
RL370031,140
RL370032,133
RL370033,69
RL370101,30
RL370102,147
RL370103,331
RL370211,21
RL370212,20
RL370213,63
RL370281,482
RL370282,698
RL370283,629
RL370431,43
RL370432,74
RL370433,0
RL370551,113
RL370552,89
RL370553,96
RL370801,73
RL370802,83
RL370803,27
RL370811,113
RL370812,148
RL370813,209
RL370831,0
RL370832,52
RL370833,69
RL380011,185
RL380012,203
RL380013,179
RL380031,44
RL380032,179
RL380033,104
RL380101,48
RL380102,66
RL380103,9
RL380211,101
RL380212,22
RL380213,22
RL380551,30
RL380552,115
RL380553,0
RL380621,99
RL380622,185
RL380623,129
RL380681,3
RL380682,0
RL380683,0
RL380801,85
RL380802,109
RL380803,0
RL380811,70
RL380812,171
RL380813,189
RL380831,28
RL380832,0
RL380833,0
RL381014,0
RL381015,90
RL381034,3
RL381035,14
RL381104,0
RL381105,94
RL381214,42
RL381215,124
RL381554,0
RL381555,88
RL381624,0
RL381625,67
RL381684,10
RL381685,44
RL381804,2
RL381805,47
RL381814,0
RL381815,58
RL381834,2
RL381835,46
RL390011,15
RL390012,1
RL390013,27
RL390031,27
RL390032,0
RL390033,0
RL390181,69
RL390182,41
RL390183,23
RL390211,33
RL390212,0
RL390213,10
RL390551,33
RL390552,0
RL390553,0
RL390681,24
RL390682,0
RL390683,1
RL400011,0
RL400012,0
RL400013,0
RL400031,0
RL400032,0
RL400033,0
RL400101,18
RL400102,0
RL400103,1
RL400211,5
RL400212,0
RL400213,0
RL400621,0
RL400622,1
RL400623,0
RL410011,119
RL410012,48
RL410013,115
RL410014,49
RL410041,184
RL410042,100
RL410043,162
RL410044,142
RL410551,89
RL410552,31
RL410553,75
RL410554,101
RL420111,0
RL420112,0
RL420113,0
RL420181,0
RL420182,0
RL420183,0
RL420431,0
RL420432,0
RL420433,0
RL430011,17
RL430012,0
RL430013,60
RL430031,28
RL430032,6
RL430033,72
RL430091,3
RL430092,1
RL430093,0
RL430621,40
RL430622,0
RL430623,0
RL431014,65
RL431015,143
RL431034,1
RL431035,58
RL431094,52
RL431095,149
RL431624,25
RL431625,109
RL440011,27
RL440012,0
RL440013,0
RL440031,3
RL440032,0
RL440033,0
RL440291,10
RL440292,0
RL440293,0
RL440801,4
RL440802,0
RL440803,0
RL450011,1
RL450012,0
RL450013,1
RL450031,150
RL450032,18
RL450033,75
RL450071,54
RL450072,2
RL450073,31
RL450181,133
RL450182,84
RL450183,125
RL450261,0
RL450262,0
RL450263,0
RL450621,27
RL450622,0
RL450623,0
RL450681,10
RL450682,0
RL450683,0
RL460011,59
RL460012,2
RL460013,57
RL460031,1
RL460032,0
RL460033,0
RL460071,2
RL460072,0
RL460073,0
RL460091,2
RL460092,0
RL460093,0
RL460431,0
RL460432,0
RL460433,0
RL461014,93
RL461015,112
RL461034,57
RL461035,86
RL461074,67
RL461075,92
RL461094,61
RL461095,84
RL461434,45
RL461435,62
RL470011,0
RL470012,1
RL470013,35
RL470031,0
RL470032,0
RL470033,0
RL470431,0
RL470432,0
RL470433,106
RL470551,0
RL470552,0
RL470553,0
RL471014,62
RL471015,114
RL471034,33
RL471035,83
RL471434,43
RL471435,83
RL471554,24
RL471555,88
RL480011,124
RL480012,180
RL480013,181
RL480021,3
RL480022,0
RL480023,0
RL480031,71
RL480032,223
RL480033,32
RL480431,70
RL480432,156
RL480433,88
RL480801,112
RL480802,127
RL480803,58
RL490011,0
RL490012,0
RL490013,0
RL490031,30
RL490032,0
RL490033,0
RL490211,47
RL490212,2
RL490213,7
RL490621,0
RL490622,0
RL490623,0
RL500011,0
RL500012,0
RL500013,0
RL500031,0
RL500032,0
RL500033,0
RL500261,0
RL500262,0
RL500263,0
RL500431,0
RL500432,0
RL500433,0
RL510011,68
RL510012,71
RL510013,127
RL510031,173
RL510032,212
RL510033,91
RL510211,16
RL510212,0
RL510213,1
RL510431,95
RL510432,30
RL510433,34
RL510551,240
RL510552,40
RL510553,135
RL510801,130
RL510802,121
RL510803,124
RL520011,42
RL520012,55
RL520013,32
RL520031,68
RL520032,0
RL520033,24
RL520211,20
RL520212,46
RL520213,3
RL520431,62
RL520432,69
RL520433,30
RL520551,51
RL520552,137
RL520553,44
RL520801,58
RL520802,85
RL520803,3
RL521014,0
RL521015,0
RL521034,0
RL521035,0
RL521214,0
RL521215,0
RL521434,0
RL521435,0
RL521554,0
RL521555,0
RL521804,0
RL521805,0
RL530011,90
RL530012,74
RL530013,7
RL530031,83
RL530032,25
RL530033,0
RL530431,3
RL530432,0
RL530433,0
RL530801,1
RL530802,0
RL530803,0
RL540013,40
RL540014,8
RL540015,24
RL540016,141
RL540033,50
RL540034,9
RL540035,0
RL540036,63
RL540043,21
RL540044,1
RL540045,0
RL540046,0
RL540073,90
RL540074,26
RL540075,4
RL540076,0
RL540433,76
RL540434,16
RL540435,4
RL540436,121
RL550011,262
RL550012,244
RL550013,237
RL550031,323
RL550032,8
RL550033,350
RL550041,59
RL550042,68
RL550043,49
RL550071,265
RL550072,361
RL550073,339
RL550431,271
RL550432,378
RL550433,330
RL550621,101
RL550622,196
RL550623,137
RL560013,1
RL560014,6
RL560015,1
RL560016,2
RL560033,0
RL560034,0
RL560035,0
RL560036,0
RL560103,23
RL560104,0
RL560105,0
RL560106,0
RL560213,83
RL560214,6
RL560215,0
RL560216,0
RL560553,26
RL560554,2
RL560555,56
RL560556,58
RL560803,0
RL560804,27
RL560805,0
RL560806,1
RL570011,197
RL570012,68
RL570013,112
RL570031,104
RL570032,2
RL570033,35
RL570551,89
RL570552,0
RL570553,37
RL570621,105
RL570622,0
RL570623,0
RL580031,0
RL580032,0
RL580033,0
RL580034,0
RL580621,0
RL580622,0
RL580623,8
RL580624,85
RL590013,88
RL590014,60
RL590015,14
RL590016,64
RL590033,54
RL590034,4
RL590035,0
RL590036,29
RL590093,95
RL590094,72
RL590095,37
RL590096,80
RL590233,30
RL590234,11
RL590235,0
RL590236,64
RL590263,0
RL590264,0
RL590265,0
RL590266,0
RL590683,0
RL590684,0
RL590685,0
RL590686,0
RL600011,144
RL600012,242
RL600013,194
RL600031,76
RL600032,6
RL600033,0
RL600041,3
RL600042,0
RL600043,0
RL600071,45
RL600072,174
RL600073,109
RL600431,15
RL600432,359
RL600433,255
RL600621,290
RL600622,286
RL600623,170
RL610011,101
RL610012,120
RL610013,63
RL610031,318
RL610032,262
RL610033,286
RL610101,124
RL610102,204
RL610103,210
RL610281,196
RL610282,348
RL610283,165
RL610621,59
RL610622,486
RL610623,309
RL610801,133
RL610802,117
RL610803,124
RL620013,18
RL620014,36
RL620015,18
RL620016,116
RL620033,29
RL620034,44
RL620035,20
RL620036,97
RL620073,27
RL620074,63
RL620075,70
RL620076,107
RL620093,33
RL620094,14
RL620095,6
RL620096,2
RL620433,32
RL620434,54
RL620435,4
RL620436,115
RL630013,57
RL630014,35
RL630015,0
RL630016,11
RL630033,1
RL630034,2
RL630035,0
RL630036,21
RL630433,17
RL630434,32
RL630435,0
RL630436,42
RL630553,65
RL630554,51
RL630555,4
RL630556,74
RL630803,18
RL630804,51
RL630805,24
RL630806,110
RL640013,26
RL640014,56
RL640015,45
RL640016,79
RL640033,83
RL640034,39
RL640035,1
RL640036,17
RL640433,14
RL640434,101
RL640435,50
RL640436,49
RL640553,24
RL640554,84
RL640555,39
RL640556,29
RL640803,23
RL640804,1
RL640805,0
RL640806,5
RL650011,1
RL650012,0
RL650013,0
RL650031,0
RL650032,39
RL650033,0
RL650101,6
RL650102,0
RL650103,0
RL650281,1
RL650282,0
RL650283,1
RL650431,22
RL650432,5
RL650433,31
RL650551,0
RL650552,0
RL650553,28
RL650801,20
RL650802,22
RL650803,45
RL660013,105
RL660014,68
RL660015,1
RL660016,64
RL660033,93
RL660034,2
RL660035,0
RL660036,0
RL660103,46
RL660104,6
RL660105,0
RL660106,3
RL660553,99
RL660554,43
RL660555,2
RL660556,19
RL660803,125
RL660804,85
RL660805,12
RL660806,45
RL670011,94
RL670012,96
RL670013,97
RL670031,81
RL670032,202
RL670033,97
RL670101,18
RL670102,83
RL670103,96
RL670431,34
RL670432,42
RL670433,47
RL670801,106
RL670802,158
RL670803,170
RL680011,193
RL680012,301
RL680013,284
RL680091,298
RL680092,432
RL680093,343
RL680621,375
RL680622,289
RL680623,341
RL690011,401
RL690012,341
RL690013,280
RL690031,210
RL690032,177
RL690033,190
RL690281,1
RL690282,89
RL690283,22
RL690431,381
RL690432,333
RL690433,404
RL690621,276
RL690622,268
RL690623,353
RL690801,258
RL690802,289
RL690803,345
RL700011,266
RL700012,275
RL700013,264
RL700031,70
RL700032,77
RL700033,20
RL700431,6
RL700432,258
RL700433,90
RL700551,218
RL700552,510
RL700553,447
RL700801,164
RL700802,191
RL700803,224
RL710011,331
RL710012,331
RL710013,390
RL710031,250
RL710032,366
RL710033,237
RL710551,225
RL710552,170
RL710553,205
RL710801,402
RL710802,506
RL710803,442
RL720011,395
RL720012,490
RL720013,474
RL720031,358
RL720032,240
RL720033,320
RL720071,88
RL720072,80
RL720073,161
RL720091,139
RL720092,161
RL720093,219
RL720431,251
RL720432,263
RL720433,288
RL730011,2
RL730012,21
RL730013,27
RL730031,14
RL730032,19
RL730033,18
RL730101,20
RL730102,0
RL730103,5
RL730801,0
RL730802,0
RL730803,0
RL740011,31
RL740012,31
RL740013,31
RL740014,40
RL740021,56
RL740022,68
RL740023,71
RL740024,76
RL740031,28
RL740032,8
RL740033,22
RL740034,29
RL740801,23
RL740802,17
RL740803,22
RL740804,29
RL750012,57
RL750013,3
RL750014,56
RL750015,13
RL750032,67
RL750033,108
RL750034,57
RL750035,45
RL750092,57
RL750093,47
RL750094,58
RL750095,52
RL750622,124
RL750623,178
RL750624,98
RL750625,22
RL760011,200
RL760012,300
RL760013,299
RL760031,109
RL760032,168
RL760033,186
RL760621,249
RL760622,316
RL760623,367
RL760801,243
RL760802,299
RL760803,364
RL770013,2
RL770014,26
RL770015,39
RL770016,0
RL770033,13
RL770034,0
RL770035,6
RL770036,0
RL770433,5
RL770434,2
RL770435,2
RL770436,0
RL770803,32
RL770804,39
RL770805,4
RL770806,0
RL780012,72
RL780013,60
RL780014,103
RL780015,65
RL780032,70
RL780033,157
RL780034,111
RL780035,70
RL780092,12
RL780093,38
RL780094,93
RL780095,60
RL780622,25
RL780623,57
RL780624,47
RL780625,21
RL790011,48
RL790012,8
RL790013,35
RL790031,52
RL790032,43
RL790033,13
RL790101,8
RL790102,16
RL790103,58
RL790431,59
RL790432,22
RL790433,52
RL790801,83
RL790802,37
RL790803,58
RL800011,73
RL800012,74
RL800013,68
RL800031,3
RL800032,2
RL800033,20
RL800101,3
RL800102,35
RL800103,177
RL800281,92
RL800282,43
RL800283,62
RL800801,22
RL800802,2
RL800803,8
RL810011,10
RL810012,65
RL810013,83
RL810031,0
RL810032,0
RL810033,1
RL810431,1
RL810432,23
RL810433,35
RL810801,26
RL810802,61
RL810803,69
RL811011,335
RL811012,466
RL811013,311
RL811031,294
RL811032,493
RL811033,298
RL811431,235
RL811432,201
RL811433,202
RL811801,294
RL811802,321
RL811803,254
RL820011,128
RL820012,328
RL820013,177
RL820014,67
RL820031,107
RL820032,316
RL820033,152
RL820034,58
RL820431,117
RL820432,284
RL820433,175
RL820434,106
RL820801,113
RL820802,316
RL820803,146
RL820804,72
RL830013,62
RL830014,54
RL830015,12
RL830016,25
RL830033,44
RL830034,28
RL830035,1
RL830036,5
RL830103,1
RL830104,47
RL830105,51
RL830106,67
RL830803,0
RL830804,20
RL830805,7
RL830806,17
RL840013,23
RL840014,98
RL840015,39
RL840016,104
RL840033,0
RL840034,141
RL840035,16
RL840036,24
RL840553,25
RL840554,37
RL840555,21
RL840556,18
RL840803,23
RL840804,42
RL840805,23
RL840806,13
RL850011,287
RL850012,272
RL850013,241
RL850031,210
RL850032,356
RL850033,296
RL850551,228
RL850552,250
RL850553,293
RL850621,269
RL850622,306
RL850623,320
RL850801,194
RL850802,255
RL850803,291
RL860011,91
RL860012,130
RL860013,129
RL860031,75
RL860032,95
RL860033,109
RL860101,176
RL860102,231
RL860103,243
RL860801,85
RL860802,134
RL860803,154
RL870011,157
RL870012,113
RL870013,200
RL870031,169
RL870032,226
RL870033,158
RL870621,182
RL870622,309
RL870623,298
RL870801,0
RL870802,52
RL870803,22
RL880011,177
RL880012,142
RL880013,130
RL880031,189
RL880032,125
RL880033,149
RL880621,140
RL880622,75
RL880623,61
RL880801,9
RL880802,116
RL880803,123
RL890011,18
RL890012,14
RL890013,28
RL890031,121
RL890032,100
RL890033,109
RL890551,46
RL890552,55
RL890553,93
RL890801,6
RL890802,0
RL890803,0
RL900011,129
RL900012,230
RL900013,198
RL900031,56
RL900032,17
RL900033,80
RL900551,171
RL900552,166
RL900553,235
RL900621,92
RL900622,97
RL900623,94
RL910011,0
RL910012,37
RL910013,35
RL910014,0
RL910031,14
RL910032,59
RL910033,68
RL910034,0
RL910041,16
RL910042,62
RL910043,80
RL910044,4
RL910081,19
RL910082,68
RL910083,73
RL910084,0
RL910091,37
RL910092,72
RL910093,87
RL910094,1
RL910101,16
RL910102,60
RL910103,76
RL910104,0
RL910121,37
RL910122,77
RL910123,96
RL910124,7
RL910551,19
RL910552,64
RL910553,82
RL910554,0
RL910601,40
RL910602,96
RL910603,110
RL910604,5
RL910621,16
RL910622,65
RL910623,72
RL910624,1
RL910751,14
RL910752,57
RL910753,78
RL910754,1
RL910801,34
RL910802,83
RL910803,86
RL910804,0
RL920011,0
RL920012,0
RL920013,0
RL920031,0
RL920032,3
RL920033,2
RL920041,0
RL920042,3
RL920043,0
RL920081,0
RL920082,3
RL920083,0
RL920091,0
RL920092,2
RL920093,5
RL920101,0
RL920102,2
RL920103,5
RL920121,0
RL920122,3
RL920123,3
RL920551,0
RL920552,3
RL920553,3
RL920601,0
RL920602,10
RL920603,10
RL920621,0
RL920622,3
RL920623,2
RL920751,0
RL920752,3
RL920753,3
RL920801,0
RL920802,0
RL920803,3
RS001012,28
RS001013,12
RS001014,0
RS001015,1
RS001016,0
RS001017,0
RS001018,0
RS001092,18
RS001093,6
RS001094,0
RS001095,0
RS001096,0
RS001097,0
RS001098,0
RS001122,36
RS001123,0
RS001124,0
RS001125,0
RS001126,0
RS001127,0
RS001128,0
RS001152,47
RS001153,16
RS001154,5
RS001155,2
RS001156,1
RS001157,0
RS001158,0
RS001322,0
RS001323,0
RS001324,0
RS001325,0
RS001326,0
RS001327,0
RS001328,0
RS001602,36
RS001603,8
RS001604,1
RS001605,1
RS001606,0
RS001607,0
RS001608,0
RS001762,48
RS001763,13
RS001764,0
RS001765,0
RS001766,0
RS001767,0
RS001768,0
RS001782,25
RS001783,12
RS001784,0
RS001785,1
RS001786,0
RS001787,0
RS001788,0
RS002012,6
RS002013,3
RS002014,0
RS002015,0
RS002016,0
RS002017,0
RS002018,0
RS002092,4
RS002093,0
RS002094,0
RS002095,0
RS002096,0
RS002097,0
RS002098,0
RS002122,1
RS002123,0
RS002124,0
RS002125,0
RS002126,0
RS002127,0
RS002128,0
RS002182,10
RS002183,1
RS002184,0
RS002185,0
RS002186,0
RS002187,0
RS002188,0
RS002192,34
RS002193,8
RS002194,0
RS002195,0
RS002196,0
RS002197,0
RS002198,0
RS002292,13
RS002293,4
RS002294,0
RS002295,0
RS002296,0
RS002297,0
RS002298,0
RS003042,29
RS003043,22
RS003044,25
RS003045,28
RS003052,26
RS003053,29
RS003054,27
RS003055,24
RS003092,25
RS003093,28
RS003094,27
RS003095,27
RS003192,24
RS003193,25
RS003194,25
RS003195,21
RS003322,0
RS003323,0
RS003324,0
RS003325,0
RS003682,22
RS003683,19
RS003684,21
RS003685,19
RS004042,28
RS004043,26
RS004044,27
RS004045,24
RS004052,26
RS004053,27
RS004054,27
RS004055,24
RS004092,25
RS004093,28
RS004094,27
RS004095,25
RS004192,23
RS004193,25
RS004194,25
RS004195,21
RS004235,0
RS004322,0
RS004323,0
RS004324,0
RS004682,22
RS004683,19
RS004684,21
RS004685,19
RS005042,4
RS005043,8
RS005044,10
RS005045,2
RS005052,6
RS005053,7
RS005054,5
RS005055,4
RS005092,12
RS005093,10
RS005094,10
RS005095,10
RS005192,22
RS005193,22
RS005194,4
RS005195,1
RS005322,0
RS005323,0
RS005324,0
RS005325,0
RS005682,13
RS005683,12
RS005684,13
RS005685,12
RS006042,6
RS006043,6
RS006044,8
RS006045,4
RS006052,6
RS006053,7
RS006054,5
RS006055,4
RS006092,12
RS006093,10
RS006094,11
RS006095,8
RS006192,2
RS006193,2
RS006194,4
RS006195,1
RS006322,0
RS006323,0
RS006324,0
RS006325,0
RS006682,13
RS006683,12
RS006684,13
RS006685,12
V001011,0
V001012,0
V001013,0
V001021,0
V001022,0
V001023,0
V001031,0
V001032,0
V001033,0
V001231,0
V001232,0
V001233,0
V001531,0
V001532,0
V001533,0
V002011,0
V002012,0
V002013,0
V002031,0
V002032,0
V002033,0
V002231,0
V002232,0
V002233,0
V002531,0
V002532,0
V002533,0
V003011,0
V003012,0
V003013,0
V003231,0
V003232,0
V003233,0
V003331,0
V003332,0
V003333,0
V003501,0
V003502,0
V003503,0
V004091,0
V004092,0
V004093,0
V004221,0
V004222,0
V004223,0
V004231,0
V004232,0
V004233,0
V004531,0
V004532,0
V004533,0
V005031,0
V005032,0
V005033,0
V005231,0
V005232,0
V005233,0
V005261,0
V005262,0
V005263,0
V005331,0
V005332,0
V005333,0
V005581,0
V005582,0
V005583,0
V006011,0
V006012,0
V006013,0
V006021,0
V006022,0
V006023,0
V006031,0
V006032,0
V006033,0
V006111,0
V006112,0
V006113,0
V006531,0
V006532,0
V006533,0
V007031,0
V007032,0
V007033,0
V007231,0
V007232,0
V007233,0
V007261,0
V007262,0
V007263,0
V007331,0
V007332,0
V007333,0
V007581,0
V007582,0
V007583,0
V008031,0
V008032,0
V008033,0
V008231,0
V008232,0
V008233,0
V008261,0
V008262,0
V008263,0
V008331,0
V008332,0
V008333,0
V008581,0
V008582,0
V008583,0
V009011,0
V009012,0
V009031,0
V009032,0
V009041,0
V009042,0
V009101,0
V009102,0
V009311,0
V009312,0
V010051,0
V010052,0
V010053,0
V010261,0
V010262,0
V010263,0
V010331,0
V010332,0
V010333,0
V010421,0
V010422,0
V010423,0
V011501,0
V011502,0
W001011,0
W001012,0
W001013,0
W001021,0
W001022,0
W001023,0
W001031,0
W001032,0
W001033,0
W001041,0
W001042,0
W001043,0
W001051,0
W001052,0
W001053,0
W001061,0
W001062,0
W001063,0

